file,line,type,commit,author,date,time,timezone,datetime,depth,length
style.css,1,css,8384a4a3,norahkerendian,2025-01-23,20:33:07,-08:00,2025-01-23T20:33:07-08:00,0,5
style.css,2,css,8384a4a3,norahkerendian,2025-01-23,20:33:07,-08:00,2025-01-23T20:33:07-08:00,0,24
style.css,3,css,8384a4a3,norahkerendian,2025-01-23,20:33:07,-08:00,2025-01-23T20:33:07-08:00,0,0
style.css,4,css,8384a4a3,norahkerendian,2025-01-23,20:33:07,-08:00,2025-01-23T20:33:07-08:00,0,0
style.css,5,css,696592ac,norahkerendian,2025-01-08,00:01:31,-08:00,2025-01-08T00:01:31-08:00,0,5
style.css,6,css,696592ac,norahkerendian,2025-01-08,00:01:31,-08:00,2025-01-08T00:01:31-08:00,0,24
style.css,7,css,27d13e60,norahkerendian,2025-01-15,16:35:43,-08:00,2025-01-15T16:35:43-08:00,0,16
style.css,8,css,66e2b418,norahkerendian,2025-01-14,23:49:25,-08:00,2025-01-14T23:49:25-08:00,0,19
style.css,9,css,66e2b418,norahkerendian,2025-01-14,23:49:25,-08:00,2025-01-14T23:49:25-08:00,0,15
style.css,10,css,94c4253d,norahkerendian,2025-01-15,00:49:57,-08:00,2025-01-15T00:49:57-08:00,0,0
style.css,11,css,94c4253d,norahkerendian,2025-01-15,00:49:57,-08:00,2025-01-15T00:49:57-08:00,0,0
style.css,12,css,94c4253d,norahkerendian,2025-01-15,00:49:57,-08:00,2025-01-15T00:49:57-08:00,0,7
style.css,13,css,94c4253d,norahkerendian,2025-01-15,00:49:57,-08:00,2025-01-15T00:49:57-08:00,0,17
style.css,14,css,94c4253d,norahkerendian,2025-01-15,00:49:57,-08:00,2025-01-15T00:49:57-08:00,0,0
style.css,15,css,94c4253d,norahkerendian,2025-01-15,00:49:57,-08:00,2025-01-15T00:49:57-08:00,0,0
style.css,16,css,94c4253d,norahkerendian,2025-01-15,00:49:57,-08:00,2025-01-15T00:49:57-08:00,0,10
style.css,17,css,94c4253d,norahkerendian,2025-01-15,00:49:57,-08:00,2025-01-15T00:49:57-08:00,0,17
style.css,18,css,94c4253d,norahkerendian,2025-01-15,00:49:57,-08:00,2025-01-15T00:49:57-08:00,0,0
style.css,19,css,94c4253d,norahkerendian,2025-01-15,00:49:57,-08:00,2025-01-15T00:49:57-08:00,0,0
style.css,20,css,94c4253d,norahkerendian,2025-01-15,00:49:57,-08:00,2025-01-15T00:49:57-08:00,0,4
style.css,21,css,94c4253d,norahkerendian,2025-01-15,00:49:57,-08:00,2025-01-15T00:49:57-08:00,0,13
style.css,22,css,94c4253d,norahkerendian,2025-01-15,00:49:57,-08:00,2025-01-15T00:49:57-08:00,0,19
style.css,23,css,8384a4a3,norahkerendian,2025-01-23,20:33:07,-08:00,2025-01-23T20:33:07-08:00,0,40
style.css,24,css,8384a4a3,norahkerendian,2025-01-23,20:33:07,-08:00,2025-01-23T20:33:07-08:00,0,46
style.css,25,css,94c4253d,norahkerendian,2025-01-15,00:49:57,-08:00,2025-01-15T00:49:57-08:00,0,42
style.css,26,css,94c4253d,norahkerendian,2025-01-15,00:49:57,-08:00,2025-01-15T00:49:57-08:00,0,0
style.css,27,css,94c4253d,norahkerendian,2025-01-15,00:49:57,-08:00,2025-01-15T00:49:57-08:00,0,0
style.css,28,css,94c4253d,norahkerendian,2025-01-15,00:49:57,-08:00,2025-01-15T00:49:57-08:00,0,6
style.css,29,css,94c4253d,norahkerendian,2025-01-15,00:49:57,-08:00,2025-01-15T00:49:57-08:00,0,7
style.css,30,css,94c4253d,norahkerendian,2025-01-15,00:49:57,-08:00,2025-01-15T00:49:57-08:00,0,21
style.css,31,css,94c4253d,norahkerendian,2025-01-15,00:49:57,-08:00,2025-01-15T00:49:57-08:00,0,14
style.css,32,css,94c4253d,norahkerendian,2025-01-15,00:49:57,-08:00,2025-01-15T00:49:57-08:00,0,18
style.css,33,css,94c4253d,norahkerendian,2025-01-15,00:49:57,-08:00,2025-01-15T00:49:57-08:00,0,13
style.css,34,css,94c4253d,norahkerendian,2025-01-15,00:49:57,-08:00,2025-01-15T00:49:57-08:00,0,0
style.css,35,css,94c4253d,norahkerendian,2025-01-15,00:49:57,-08:00,2025-01-15T00:49:57-08:00,0,0
style.css,36,css,94c4253d,norahkerendian,2025-01-15,00:49:57,-08:00,2025-01-15T00:49:57-08:00,0,10
style.css,37,css,94c4253d,norahkerendian,2025-01-15,00:49:57,-08:00,2025-01-15T00:49:57-08:00,0,44
style.css,38,css,94c4253d,norahkerendian,2025-01-15,00:49:57,-08:00,2025-01-15T00:49:57-08:00,0,22
style.css,39,css,94c4253d,norahkerendian,2025-01-15,00:49:57,-08:00,2025-01-15T00:49:57-08:00,0,0
style.css,40,css,94c4253d,norahkerendian,2025-01-15,00:49:57,-08:00,2025-01-15T00:49:57-08:00,0,0
style.css,41,css,94c4253d,norahkerendian,2025-01-15,00:49:57,-08:00,2025-01-15T00:49:57-08:00,0,6
style.css,42,css,94c4253d,norahkerendian,2025-01-15,00:49:57,-08:00,2025-01-15T00:49:57-08:00,0,34
style.css,43,css,94c4253d,norahkerendian,2025-01-15,00:49:57,-08:00,2025-01-15T00:49:57-08:00,0,0
style.css,44,css,94c4253d,norahkerendian,2025-01-15,00:49:57,-08:00,2025-01-15T00:49:57-08:00,0,0
style.css,45,css,94c4253d,norahkerendian,2025-01-15,00:49:57,-08:00,2025-01-15T00:49:57-08:00,0,5
style.css,46,css,94c4253d,norahkerendian,2025-01-15,00:49:57,-08:00,2025-01-15T00:49:57-08:00,0,33
style.css,47,css,94c4253d,norahkerendian,2025-01-15,00:49:57,-08:00,2025-01-15T00:49:57-08:00,0,0
style.css,48,css,94c4253d,norahkerendian,2025-01-15,00:49:57,-08:00,2025-01-15T00:49:57-08:00,0,0
style.css,49,css,94c4253d,norahkerendian,2025-01-15,00:49:57,-08:00,2025-01-15T00:49:57-08:00,0,12
style.css,50,css,94c4253d,norahkerendian,2025-01-15,00:49:57,-08:00,2025-01-15T00:49:57-08:00,0,46
style.css,51,css,8384a4a3,norahkerendian,2025-01-23,20:33:07,-08:00,2025-01-23T20:33:07-08:00,0,70
style.css,52,css,8384a4a3,norahkerendian,2025-01-23,20:33:07,-08:00,2025-01-23T20:33:07-08:00,0,0
style.css,53,css,8384a4a3,norahkerendian,2025-01-23,20:33:07,-08:00,2025-01-23T20:33:07-08:00,0,0
style.css,54,css,8384a4a3,norahkerendian,2025-01-23,20:33:07,-08:00,2025-01-23T20:33:07-08:00,0,14
style.css,55,css,8384a4a3,norahkerendian,2025-01-23,20:33:07,-08:00,2025-01-23T20:33:07-08:00,0,18
style.css,56,css,8384a4a3,norahkerendian,2025-01-23,20:33:07,-08:00,2025-01-23T20:33:07-08:00,0,9
style.css,57,css,8384a4a3,norahkerendian,2025-01-23,20:33:07,-08:00,2025-01-23T20:33:07-08:00,0,11
style.css,58,css,8384a4a3,norahkerendian,2025-01-23,20:33:07,-08:00,2025-01-23T20:33:07-08:00,0,14
style.css,59,css,8384a4a3,norahkerendian,2025-01-23,20:33:07,-08:00,2025-01-23T20:33:07-08:00,0,20
style.css,60,css,27d13e60,norahkerendian,2025-01-15,16:35:43,-08:00,2025-01-15T16:35:43-08:00,0,0
style.css,61,css,27d13e60,norahkerendian,2025-01-15,16:35:43,-08:00,2025-01-15T16:35:43-08:00,0,0
style.css,62,css,eed84579,norahkerendian,2025-01-16,01:19:50,-08:00,2025-01-16T01:19:50-08:00,0,27
style.css,63,css,27d13e60,norahkerendian,2025-01-15,16:35:43,-08:00,2025-01-15T16:35:43-08:00,0,13
style.css,64,css,27d13e60,norahkerendian,2025-01-15,16:35:43,-08:00,2025-01-15T16:35:43-08:00,0,0
style.css,65,css,27d13e60,norahkerendian,2025-01-15,16:35:43,-08:00,2025-01-15T16:35:43-08:00,0,0
style.css,66,css,27d13e60,norahkerendian,2025-01-15,16:35:43,-08:00,2025-01-15T16:35:43-08:00,0,6
style.css,67,css,27d13e60,norahkerendian,2025-01-15,16:35:43,-08:00,2025-01-15T16:35:43-08:00,0,14
style.css,68,css,27d13e60,norahkerendian,2025-01-15,16:35:43,-08:00,2025-01-15T16:35:43-08:00,0,19
style.css,69,css,27d13e60,norahkerendian,2025-01-15,16:35:43,-08:00,2025-01-15T16:35:43-08:00,0,0
style.css,70,css,27d13e60,norahkerendian,2025-01-15,16:35:43,-08:00,2025-01-15T16:35:43-08:00,0,0
style.css,71,css,27d13e60,norahkerendian,2025-01-15,16:35:43,-08:00,2025-01-15T16:35:43-08:00,0,24
style.css,72,css,27d13e60,norahkerendian,2025-01-15,16:35:43,-08:00,2025-01-15T16:35:43-08:00,0,14
style.css,73,css,27d13e60,norahkerendian,2025-01-15,16:35:43,-08:00,2025-01-15T16:35:43-08:00,0,11
style.css,74,css,27d13e60,norahkerendian,2025-01-15,16:35:43,-08:00,2025-01-15T16:35:43-08:00,0,22
style.css,75,css,27d13e60,norahkerendian,2025-01-15,16:35:43,-08:00,2025-01-15T16:35:43-08:00,0,0
style.css,76,css,27d13e60,norahkerendian,2025-01-15,16:35:43,-08:00,2025-01-15T16:35:43-08:00,0,0
style.css,77,css,27d13e60,norahkerendian,2025-01-15,16:35:43,-08:00,2025-01-15T16:35:43-08:00,0,7
style.css,78,css,27d13e60,norahkerendian,2025-01-15,16:35:43,-08:00,2025-01-15T16:35:43-08:00,0,17
style.css,79,css,eed84579,norahkerendian,2025-01-16,01:19:50,-08:00,2025-01-16T01:19:50-08:00,0,3
style.css,80,css,eed84579,norahkerendian,2025-01-16,01:19:50,-08:00,2025-01-16T01:19:50-08:00,0,0
style.css,81,css,eed84579,norahkerendian,2025-01-16,01:19:50,-08:00,2025-01-16T01:19:50-08:00,0,5
style.css,82,css,eed84579,norahkerendian,2025-01-16,01:19:50,-08:00,2025-01-16T01:19:50-08:00,0,13
style.css,83,css,eed84579,norahkerendian,2025-01-16,01:19:50,-08:00,2025-01-16T01:19:50-08:00,0,31
style.css,84,css,eed84579,norahkerendian,2025-01-16,01:19:50,-08:00,2025-01-16T01:19:50-08:00,0,8
style.css,85,css,27d13e60,norahkerendian,2025-01-15,16:35:43,-08:00,2025-01-15T16:35:43-08:00,0,0
style.css,86,css,27d13e60,norahkerendian,2025-01-15,16:35:43,-08:00,2025-01-15T16:35:43-08:00,0,0
style.css,87,css,a5e96d54,norahkerendian,2025-01-16,01:44:45,-08:00,2025-01-16T01:44:45-08:00,0,11
style.css,88,css,eed84579,norahkerendian,2025-01-16,01:19:50,-08:00,2025-01-16T01:19:50-08:00,0,13
style.css,89,css,eed84579,norahkerendian,2025-01-16,01:19:50,-08:00,2025-01-16T01:19:50-08:00,0,30
style.css,90,css,dd422c06,norahkerendian,2025-01-16,19:46:41,-08:00,2025-01-16T19:46:41-08:00,0,18
style.css,91,css,eed84579,norahkerendian,2025-01-16,01:19:50,-08:00,2025-01-16T01:19:50-08:00,0,0
style.css,92,css,eed84579,norahkerendian,2025-01-16,01:19:50,-08:00,2025-01-16T01:19:50-08:00,0,0
style.css,93,css,a5e96d54,norahkerendian,2025-01-16,01:44:45,-08:00,2025-01-16T01:44:45-08:00,0,12
style.css,94,css,eed84579,norahkerendian,2025-01-16,01:19:50,-08:00,2025-01-16T01:19:50-08:00,0,19
style.css,95,css,eed84579,norahkerendian,2025-01-16,01:19:50,-08:00,2025-01-16T01:19:50-08:00,0,0
style.css,96,css,a5e96d54,norahkerendian,2025-01-16,01:44:45,-08:00,2025-01-16T01:44:45-08:00,0,0
style.css,97,css,a5e96d54,norahkerendian,2025-01-16,01:44:45,-08:00,2025-01-16T01:44:45-08:00,0,10
style.css,98,css,a5e96d54,norahkerendian,2025-01-16,01:44:45,-08:00,2025-01-16T01:44:45-08:00,0,13
style.css,99,css,a5e96d54,norahkerendian,2025-01-16,01:44:45,-08:00,2025-01-16T01:44:45-08:00,0,59
style.css,100,css,a5e96d54,norahkerendian,2025-01-16,01:44:45,-08:00,2025-01-16T01:44:45-08:00,0,8
style.css,101,css,a5e96d54,norahkerendian,2025-01-16,01:44:45,-08:00,2025-01-16T01:44:45-08:00,0,0
style.css,102,css,a5e96d54,norahkerendian,2025-01-16,01:44:45,-08:00,2025-01-16T01:44:45-08:00,0,0
style.css,103,css,a5e96d54,norahkerendian,2025-01-16,01:44:45,-08:00,2025-01-16T01:44:45-08:00,0,20
style.css,104,css,a5e96d54,norahkerendian,2025-01-16,01:44:45,-08:00,2025-01-16T01:44:45-08:00,0,13
style.css,105,css,a5e96d54,norahkerendian,2025-01-16,01:44:45,-08:00,2025-01-16T01:44:45-08:00,0,27
style.css,106,css,a5e96d54,norahkerendian,2025-01-16,01:44:45,-08:00,2025-01-16T01:44:45-08:00,0,16
style.css,107,css,a5e96d54,norahkerendian,2025-01-16,01:44:45,-08:00,2025-01-16T01:44:45-08:00,0,8
style.css,108,css,a5e96d54,norahkerendian,2025-01-16,01:44:45,-08:00,2025-01-16T01:44:45-08:00,0,0
style.css,109,css,a5e96d54,norahkerendian,2025-01-16,01:44:45,-08:00,2025-01-16T01:44:45-08:00,0,0
style.css,110,css,a5e96d54,norahkerendian,2025-01-16,01:44:45,-08:00,2025-01-16T01:44:45-08:00,0,23
style.css,111,css,a5e96d54,norahkerendian,2025-01-16,01:44:45,-08:00,2025-01-16T01:44:45-08:00,0,16
style.css,112,css,a5e96d54,norahkerendian,2025-01-16,01:44:45,-08:00,2025-01-16T01:44:45-08:00,0,18
style.css,113,css,a5e96d54,norahkerendian,2025-01-16,01:44:45,-08:00,2025-01-16T01:44:45-08:00,0,0
style.css,114,css,a5e96d54,norahkerendian,2025-01-16,01:44:45,-08:00,2025-01-16T01:44:45-08:00,0,0
style.css,115,css,a5e96d54,norahkerendian,2025-01-16,01:44:45,-08:00,2025-01-16T01:44:45-08:00,0,3
style.css,116,css,a5e96d54,norahkerendian,2025-01-16,01:44:45,-08:00,2025-01-16T01:44:45-08:00,0,15
style.css,117,css,a5e96d54,norahkerendian,2025-01-16,01:44:45,-08:00,2025-01-16T01:44:45-08:00,0,0
style.css,118,css,a5e96d54,norahkerendian,2025-01-16,01:44:45,-08:00,2025-01-16T01:44:45-08:00,0,0
style.css,119,css,a5e96d54,norahkerendian,2025-01-16,01:44:45,-08:00,2025-01-16T01:44:45-08:00,0,3
style.css,120,css,a5e96d54,norahkerendian,2025-01-16,01:44:45,-08:00,2025-01-16T01:44:45-08:00,0,9
style.css,121,css,0402a606,norahkerendian,2025-01-17,00:34:46,-08:00,2025-01-17T00:34:46-08:00,0,0
style.css,122,css,0402a606,norahkerendian,2025-01-17,00:34:46,-08:00,2025-01-17T00:34:46-08:00,0,0
style.css,123,css,0402a606,norahkerendian,2025-01-17,00:34:46,-08:00,2025-01-17T00:34:46-08:00,0,8
style.css,124,css,0402a606,norahkerendian,2025-01-17,00:34:46,-08:00,2025-01-17T00:34:46-08:00,0,13
style.css,125,css,0402a606,norahkerendian,2025-01-17,00:34:46,-08:00,2025-01-17T00:34:46-08:00,0,19
style.css,126,css,0402a606,norahkerendian,2025-01-17,00:34:46,-08:00,2025-01-17T00:34:46-08:00,0,18
style.css,127,css,0402a606,norahkerendian,2025-01-17,00:34:46,-08:00,2025-01-17T00:34:46-08:00,0,44
style.css,128,css,0402a606,norahkerendian,2025-01-17,00:34:46,-08:00,2025-01-17T00:34:46-08:00,0,0
style.css,129,css,0402a606,norahkerendian,2025-01-17,00:34:46,-08:00,2025-01-17T00:34:46-08:00,0,0
style.css,130,css,0402a606,norahkerendian,2025-01-17,00:34:46,-08:00,2025-01-17T00:34:46-08:00,0,11
style.css,131,css,0402a606,norahkerendian,2025-01-17,00:34:46,-08:00,2025-01-17T00:34:46-08:00,0,15
style.css,132,css,0402a606,norahkerendian,2025-01-17,00:34:46,-08:00,2025-01-17T00:34:46-08:00,0,19
style.css,133,css,0402a606,norahkerendian,2025-01-17,00:34:46,-08:00,2025-01-17T00:34:46-08:00,0,0
style.css,134,css,0402a606,norahkerendian,2025-01-17,00:34:46,-08:00,2025-01-17T00:34:46-08:00,0,0
style.css,135,css,0402a606,norahkerendian,2025-01-17,00:34:46,-08:00,2025-01-17T00:34:46-08:00,0,3
style.css,136,css,0402a606,norahkerendian,2025-01-17,00:34:46,-08:00,2025-01-17T00:34:46-08:00,0,20
style.css,137,css,0402a606,norahkerendian,2025-01-17,00:34:46,-08:00,2025-01-17T00:34:46-08:00,0,0
style.css,138,css,0402a606,norahkerendian,2025-01-17,00:34:46,-08:00,2025-01-17T00:34:46-08:00,0,0
style.css,139,css,0402a606,norahkerendian,2025-01-17,00:34:46,-08:00,2025-01-17T00:34:46-08:00,0,6
style.css,140,css,0402a606,norahkerendian,2025-01-17,00:34:46,-08:00,2025-01-17T00:34:46-08:00,0,21
style.css,141,css,0402a606,norahkerendian,2025-01-17,00:34:46,-08:00,2025-01-17T00:34:46-08:00,0,0
style.css,142,css,0402a606,norahkerendian,2025-01-17,00:34:46,-08:00,2025-01-17T00:34:46-08:00,0,0
style.css,143,css,0402a606,norahkerendian,2025-01-17,00:34:46,-08:00,2025-01-17T00:34:46-08:00,0,2
style.css,144,css,0402a606,norahkerendian,2025-01-17,00:34:46,-08:00,2025-01-17T00:34:46-08:00,0,21
style.css,145,css,0402a606,norahkerendian,2025-01-17,00:34:46,-08:00,2025-01-17T00:34:46-08:00,0,0
style.css,146,css,0402a606,norahkerendian,2025-01-17,00:34:46,-08:00,2025-01-17T00:34:46-08:00,0,0
style.css,147,css,0402a606,norahkerendian,2025-01-17,00:34:46,-08:00,2025-01-17T00:34:46-08:00,0,8
style.css,148,css,0402a606,norahkerendian,2025-01-17,00:34:46,-08:00,2025-01-17T00:34:46-08:00,0,26
style.css,149,css,0402a606,norahkerendian,2025-01-17,00:34:46,-08:00,2025-01-17T00:34:46-08:00,0,0
style.css,150,css,0402a606,norahkerendian,2025-01-17,00:34:46,-08:00,2025-01-17T00:34:46-08:00,0,0
style.css,151,css,0402a606,norahkerendian,2025-01-17,00:34:46,-08:00,2025-01-17T00:34:46-08:00,0,11
style.css,152,css,0402a606,norahkerendian,2025-01-17,00:34:46,-08:00,2025-01-17T00:34:46-08:00,0,13
style.css,153,css,0402a606,norahkerendian,2025-01-17,00:34:46,-08:00,2025-01-17T00:34:46-08:00,0,30
style.css,154,css,0402a606,norahkerendian,2025-01-17,00:34:46,-08:00,2025-01-17T00:34:46-08:00,0,19
style.css,155,css,0402a606,norahkerendian,2025-01-17,00:34:46,-08:00,2025-01-17T00:34:46-08:00,0,0
style.css,156,css,0402a606,norahkerendian,2025-01-17,00:34:46,-08:00,2025-01-17T00:34:46-08:00,0,0
style.css,157,css,0402a606,norahkerendian,2025-01-17,00:34:46,-08:00,2025-01-17T00:34:46-08:00,0,3
style.css,158,css,0402a606,norahkerendian,2025-01-17,00:34:46,-08:00,2025-01-17T00:34:46-08:00,0,13
style.css,159,css,0402a606,norahkerendian,2025-01-17,00:34:46,-08:00,2025-01-17T00:34:46-08:00,0,30
style.css,160,css,0402a606,norahkerendian,2025-01-17,00:34:46,-08:00,2025-01-17T00:34:46-08:00,0,21
style.css,161,css,0402a606,norahkerendian,2025-01-17,00:34:46,-08:00,2025-01-17T00:34:46-08:00,0,0
style.css,162,css,0402a606,norahkerendian,2025-01-17,00:34:46,-08:00,2025-01-17T00:34:46-08:00,0,0
style.css,163,css,0402a606,norahkerendian,2025-01-17,00:34:46,-08:00,2025-01-17T00:34:46-08:00,0,7
style.css,164,css,0402a606,norahkerendian,2025-01-17,00:34:46,-08:00,2025-01-17T00:34:46-08:00,0,17
style.css,165,css,0402a606,norahkerendian,2025-01-17,00:34:46,-08:00,2025-01-17T00:34:46-08:00,0,19
style.css,166,css,0ee4812b,norahkerendian,2025-01-29,01:22:24,-08:00,2025-01-29T01:22:24-08:00,0,0
style.css,167,css,0ee4812b,norahkerendian,2025-01-29,01:22:24,-08:00,2025-01-29T01:22:24-08:00,0,0
style.css,168,css,0ee4812b,norahkerendian,2025-01-29,01:22:24,-08:00,2025-01-29T01:22:24-08:00,0,15
style.css,169,css,0ee4812b,norahkerendian,2025-01-29,01:22:24,-08:00,2025-01-29T01:22:24-08:00,0,16
style.css,170,css,0ee4812b,norahkerendian,2025-01-29,01:22:24,-08:00,2025-01-29T01:22:24-08:00,0,0
style.css,171,css,0ee4812b,norahkerendian,2025-01-29,01:22:24,-08:00,2025-01-29T01:22:24-08:00,0,0
style.css,172,css,0ee4812b,norahkerendian,2025-01-29,01:22:24,-08:00,2025-01-29T01:22:24-08:00,0,18
style.css,173,css,0ee4812b,norahkerendian,2025-01-29,01:22:24,-08:00,2025-01-29T01:22:24-08:00,0,13
style.css,174,css,0ee4812b,norahkerendian,2025-01-29,01:22:24,-08:00,2025-01-29T01:22:24-08:00,0,38
style.css,175,css,0ee4812b,norahkerendian,2025-01-29,01:22:24,-08:00,2025-01-29T01:22:24-08:00,0,14
style.css,176,css,0ee4812b,norahkerendian,2025-01-29,01:22:24,-08:00,2025-01-29T01:22:24-08:00,0,0
style.css,177,css,0ee4812b,norahkerendian,2025-01-29,01:22:24,-08:00,2025-01-29T01:22:24-08:00,0,0
style.css,178,css,0ee4812b,norahkerendian,2025-01-29,01:22:24,-08:00,2025-01-29T01:22:24-08:00,0,18
style.css,179,css,0ee4812b,norahkerendian,2025-01-29,01:22:24,-08:00,2025-01-29T01:22:24-08:00,0,11
style.css,180,css,0ee4812b,norahkerendian,2025-01-29,01:22:24,-08:00,2025-01-29T01:22:24-08:00,0,17
style.css,181,css,0ee4812b,norahkerendian,2025-01-29,01:22:24,-08:00,2025-01-29T01:22:24-08:00,0,0
style.css,182,css,0ee4812b,norahkerendian,2025-01-29,01:22:24,-08:00,2025-01-29T01:22:24-08:00,0,0
style.css,183,css,0ee4812b,norahkerendian,2025-01-29,01:22:24,-08:00,2025-01-29T01:22:24-08:00,0,18
style.css,184,css,0ee4812b,norahkerendian,2025-01-29,01:22:24,-08:00,2025-01-29T01:22:24-08:00,0,11
style.css,185,css,0ee4812b,norahkerendian,2025-01-29,01:22:24,-08:00,2025-01-29T01:22:24-08:00,0,0
style.css,186,css,49c1b7a5,norahkerendian,2025-01-29,15:10:52,-08:00,2025-01-29T15:10:52-08:00,0,0
style.css,187,css,ea187679,norahkerendian,2025-02-01,23:14:40,-08:00,2025-02-01T23:14:40-08:00,0,0
style.css,188,css,ea187679,norahkerendian,2025-02-01,23:14:40,-08:00,2025-02-01T23:14:40-08:00,0,14
style.css,189,css,ea187679,norahkerendian,2025-02-01,23:14:40,-08:00,2025-02-01T23:14:40-08:00,0,11
style.css,190,css,ea187679,norahkerendian,2025-02-01,23:14:40,-08:00,2025-02-01T23:14:40-08:00,0,35
style.css,191,css,ea187679,norahkerendian,2025-02-01,23:14:40,-08:00,2025-02-01T23:14:40-08:00,0,24
style.css,192,css,2a9378d4,norahkerendian,2025-02-01,23:47:27,-08:00,2025-02-01T23:47:27-08:00,0,0
style.css,193,css,2a9378d4,norahkerendian,2025-02-01,23:47:27,-08:00,2025-02-01T23:47:27-08:00,0,0
style.css,194,css,362d7eab,norahkerendian,2025-02-02,00:39:39,-08:00,2025-02-02T00:39:39-08:00,0,11
style.css,195,css,362d7eab,norahkerendian,2025-02-02,00:39:39,-08:00,2025-02-02T00:39:39-08:00,0,13
style.css,196,css,362d7eab,norahkerendian,2025-02-02,00:39:39,-08:00,2025-02-02T00:39:39-08:00,0,9
style.css,197,css,362d7eab,norahkerendian,2025-02-02,00:39:39,-08:00,2025-02-02T00:39:39-08:00,0,19
style.css,198,css,362d7eab,norahkerendian,2025-02-02,00:39:39,-08:00,2025-02-02T00:39:39-08:00,0,19
style.css,199,css,362d7eab,norahkerendian,2025-02-02,00:39:39,-08:00,2025-02-02T00:39:39-08:00,0,0
style.css,200,css,362d7eab,norahkerendian,2025-02-02,00:39:39,-08:00,2025-02-02T00:39:39-08:00,0,0
style.css,201,css,2a9378d4,norahkerendian,2025-02-01,23:47:27,-08:00,2025-02-01T23:47:27-08:00,0,4
style.css,202,css,362d7eab,norahkerendian,2025-02-02,00:39:39,-08:00,2025-02-02T00:39:39-08:00,0,15
style.css,203,css,362d7eab,norahkerendian,2025-02-02,00:39:39,-08:00,2025-02-02T00:39:39-08:00,0,14
style.css,204,css,362d7eab,norahkerendian,2025-02-02,00:39:39,-08:00,2025-02-02T00:39:39-08:00,0,0
style.css,205,css,362d7eab,norahkerendian,2025-02-02,00:39:39,-08:00,2025-02-02T00:39:39-08:00,0,0
style.css,206,css,362d7eab,norahkerendian,2025-02-02,00:39:39,-08:00,2025-02-02T00:39:39-08:00,0,10
style.css,207,css,362d7eab,norahkerendian,2025-02-02,00:39:39,-08:00,2025-02-02T00:39:39-08:00,0,13
style.css,208,css,362d7eab,norahkerendian,2025-02-02,00:39:39,-08:00,2025-02-02T00:39:39-08:00,0,7
style.css,209,css,362d7eab,norahkerendian,2025-02-02,00:39:39,-08:00,2025-02-02T00:39:39-08:00,0,15
style.css,210,css,396f8e91,norahkerendian,2025-02-09,23:11:42,-08:00,2025-02-09T23:11:42-08:00,0,58
style.css,211,css,362d7eab,norahkerendian,2025-02-02,00:39:39,-08:00,2025-02-02T00:39:39-08:00,0,9
style.css,212,css,362d7eab,norahkerendian,2025-02-02,00:39:39,-08:00,2025-02-02T00:39:39-08:00,0,13
style.css,213,css,362d7eab,norahkerendian,2025-02-02,00:39:39,-08:00,2025-02-02T00:39:39-08:00,0,37
style.css,214,css,362d7eab,norahkerendian,2025-02-02,00:39:39,-08:00,2025-02-02T00:39:39-08:00,0,18
style.css,215,css,362d7eab,norahkerendian,2025-02-02,00:39:39,-08:00,2025-02-02T00:39:39-08:00,0,0
style.css,216,css,362d7eab,norahkerendian,2025-02-02,00:39:39,-08:00,2025-02-02T00:39:39-08:00,0,0
style.css,217,css,362d7eab,norahkerendian,2025-02-02,00:39:39,-08:00,2025-02-02T00:39:39-08:00,0,13
style.css,218,css,362d7eab,norahkerendian,2025-02-02,00:39:39,-08:00,2025-02-02T00:39:39-08:00,0,13
style.css,219,css,362d7eab,norahkerendian,2025-02-02,00:39:39,-08:00,2025-02-02T00:39:39-08:00,0,19
style.css,220,css,362d7eab,norahkerendian,2025-02-02,00:39:39,-08:00,2025-02-02T00:39:39-08:00,0,11
style.css,221,css,362d7eab,norahkerendian,2025-02-02,00:39:39,-08:00,2025-02-02T00:39:39-08:00,0,15
style.css,222,css,362d7eab,norahkerendian,2025-02-02,00:39:39,-08:00,2025-02-02T00:39:39-08:00,0,18
style.css,223,css,362d7eab,norahkerendian,2025-02-02,00:39:39,-08:00,2025-02-02T00:39:39-08:00,0,0
style.css,224,css,362d7eab,norahkerendian,2025-02-02,00:39:39,-08:00,2025-02-02T00:39:39-08:00,0,0
style.css,225,css,362d7eab,norahkerendian,2025-02-02,00:39:39,-08:00,2025-02-02T00:39:39-08:00,0,21
style.css,226,css,362d7eab,norahkerendian,2025-02-02,00:39:39,-08:00,2025-02-02T00:39:39-08:00,0,21
style.css,227,css,362d7eab,norahkerendian,2025-02-02,00:39:39,-08:00,2025-02-02T00:39:39-08:00,0,11
style.css,228,css,362d7eab,norahkerendian,2025-02-02,00:39:39,-08:00,2025-02-02T00:39:39-08:00,0,12
style.css,229,css,362d7eab,norahkerendian,2025-02-02,00:39:39,-08:00,2025-02-02T00:39:39-08:00,0,18
style.css,230,css,362d7eab,norahkerendian,2025-02-02,00:39:39,-08:00,2025-02-02T00:39:39-08:00,0,30
style.css,231,css,362d7eab,norahkerendian,2025-02-02,00:39:39,-08:00,2025-02-02T00:39:39-08:00,0,0
style.css,232,css,362d7eab,norahkerendian,2025-02-02,00:39:39,-08:00,2025-02-02T00:39:39-08:00,0,0
style.css,233,css,362d7eab,norahkerendian,2025-02-02,00:39:39,-08:00,2025-02-02T00:39:39-08:00,0,16
style.css,234,css,362d7eab,norahkerendian,2025-02-02,00:39:39,-08:00,2025-02-02T00:39:39-08:00,0,18
style.css,235,css,362d7eab,norahkerendian,2025-02-02,00:39:39,-08:00,2025-02-02T00:39:39-08:00,0,19
style.css,236,css,362d7eab,norahkerendian,2025-02-02,00:39:39,-08:00,2025-02-02T00:39:39-08:00,0,0
style.css,237,css,362d7eab,norahkerendian,2025-02-02,00:39:39,-08:00,2025-02-02T00:39:39-08:00,0,0
style.css,238,css,362d7eab,norahkerendian,2025-02-02,00:39:39,-08:00,2025-02-02T00:39:39-08:00,0,18
style.css,239,css,362d7eab,norahkerendian,2025-02-02,00:39:39,-08:00,2025-02-02T00:39:39-08:00,0,14
style.css,240,css,362d7eab,norahkerendian,2025-02-02,00:39:39,-08:00,2025-02-02T00:39:39-08:00,0,0
style.css,241,css,a9ae7bca,norahkerendian,2025-02-02,02:39:37,-08:00,2025-02-02T02:39:37-08:00,0,0
style.css,242,css,a9ae7bca,norahkerendian,2025-02-02,02:39:37,-08:00,2025-02-02T02:39:37-08:00,0,20
style.css,243,css,a9ae7bca,norahkerendian,2025-02-02,02:39:37,-08:00,2025-02-02T02:39:37-08:00,0,17
style.css,244,css,a9ae7bca,norahkerendian,2025-02-02,02:39:37,-08:00,2025-02-02T02:39:37-08:00,0,12
style.css,245,css,a9ae7bca,norahkerendian,2025-02-02,02:39:37,-08:00,2025-02-02T02:39:37-08:00,0,0
style.css,246,css,a9ae7bca,norahkerendian,2025-02-02,02:39:37,-08:00,2025-02-02T02:39:37-08:00,0,0
style.css,247,css,a9ae7bca,norahkerendian,2025-02-02,02:39:37,-08:00,2025-02-02T02:39:37-08:00,0,0
style.css,248,css,a9ae7bca,norahkerendian,2025-02-02,02:39:37,-08:00,2025-02-02T02:39:37-08:00,0,5
style.css,249,css,a9ae7bca,norahkerendian,2025-02-02,02:39:37,-08:00,2025-02-02T02:39:37-08:00,0,17
style.css,250,css,a9ae7bca,norahkerendian,2025-02-02,02:39:37,-08:00,2025-02-02T02:39:37-08:00,0,0
style.css,251,css,a9ae7bca,norahkerendian,2025-02-02,02:39:37,-08:00,2025-02-02T02:39:37-08:00,0,0
style.css,252,css,a9ae7bca,norahkerendian,2025-02-02,02:39:37,-08:00,2025-02-02T02:39:37-08:00,0,10
style.css,253,css,a9ae7bca,norahkerendian,2025-02-02,02:39:37,-08:00,2025-02-02T02:39:37-08:00,0,36
style.css,254,css,a9ae7bca,norahkerendian,2025-02-02,02:39:37,-08:00,2025-02-02T02:39:37-08:00,0,0
style.css,255,css,a9ae7bca,norahkerendian,2025-02-02,02:39:37,-08:00,2025-02-02T02:39:37-08:00,0,11
style.css,256,css,a9ae7bca,norahkerendian,2025-02-02,02:39:37,-08:00,2025-02-02T02:39:37-08:00,0,18
style.css,257,css,a9ae7bca,norahkerendian,2025-02-02,02:39:37,-08:00,2025-02-02T02:39:37-08:00,0,0
style.css,258,css,a9ae7bca,norahkerendian,2025-02-02,02:39:37,-08:00,2025-02-02T02:39:37-08:00,0,0
style.css,259,css,a9ae7bca,norahkerendian,2025-02-02,02:39:37,-08:00,2025-02-02T02:39:37-08:00,0,0
style.css,260,css,a9ae7bca,norahkerendian,2025-02-02,02:39:37,-08:00,2025-02-02T02:39:37-08:00,0,5
style.css,261,css,a9ae7bca,norahkerendian,2025-02-02,02:39:37,-08:00,2025-02-02T02:39:37-08:00,0,8
style.css,262,css,a9ae7bca,norahkerendian,2025-02-02,02:39:37,-08:00,2025-02-02T02:39:37-08:00,0,15
style.css,263,css,a9ae7bca,norahkerendian,2025-02-02,02:39:37,-08:00,2025-02-02T02:39:37-08:00,0,0
index.js,1,js,f114c32e,norahkerendian,2025-01-29,10:51:14,-08:00,2025-01-29T10:51:14-08:00,0,72
index.js,2,js,8648ff25,norahkerendian,2025-01-29,01:01:40,-08:00,2025-01-29T01:01:40-08:00,0,0
index.js,3,js,e5ae7e26,norahkerendian,2025-01-29,10:47:57,-08:00,2025-01-29T10:47:57-08:00,0,55
index.js,4,js,8648ff25,norahkerendian,2025-01-29,01:01:40,-08:00,2025-01-29T01:01:40-08:00,0,43
index.js,5,js,8648ff25,norahkerendian,2025-01-29,01:01:40,-08:00,2025-01-29T01:01:40-08:00,0,0
index.js,6,js,8648ff25,norahkerendian,2025-01-29,01:01:40,-08:00,2025-01-29T01:01:40-08:00,0,60
index.js,7,js,8648ff25,norahkerendian,2025-01-29,01:01:40,-08:00,2025-01-29T01:01:40-08:00,0,0
index.js,8,js,0ee4812b,norahkerendian,2025-01-29,01:22:24,-08:00,2025-01-29T01:22:24-08:00,0,55
index.js,9,js,0ee4812b,norahkerendian,2025-01-29,01:22:24,-08:00,2025-01-29T01:22:24-08:00,0,0
index.js,10,js,0ee4812b,norahkerendian,2025-01-29,01:22:24,-08:00,2025-01-29T01:22:24-08:00,0,58
index.js,11,js,0ee4812b,norahkerendian,2025-01-29,01:22:24,-08:00,2025-01-29T01:22:24-08:00,0,0
index.js,12,js,0ee4812b,norahkerendian,2025-01-29,01:22:24,-08:00,2025-01-29T01:22:24-08:00,0,61
index.js,13,js,0ee4812b,norahkerendian,2025-01-29,01:22:24,-08:00,2025-01-29T01:22:24-08:00,0,0
index.js,14,js,0ee4812b,norahkerendian,2025-01-29,01:22:24,-08:00,2025-01-29T01:22:24-08:00,0,18
index.js,15,js,0ee4812b,norahkerendian,2025-01-29,01:22:24,-08:00,2025-01-29T01:22:24-08:00,0,25
index.js,16,js,0ee4812b,norahkerendian,2025-01-29,01:22:24,-08:00,2025-01-29T01:22:24-08:00,0,3
index.js,17,js,0ee4812b,norahkerendian,2025-01-29,01:22:24,-08:00,2025-01-29T01:22:24-08:00,0,56
index.js,18,js,0ee4812b,norahkerendian,2025-01-29,01:22:24,-08:00,2025-01-29T01:22:24-08:00,0,56
index.js,19,js,0ee4812b,norahkerendian,2025-01-29,01:22:24,-08:00,2025-01-29T01:22:24-08:00,0,50
index.js,20,js,0ee4812b,norahkerendian,2025-01-29,01:22:24,-08:00,2025-01-29T01:22:24-08:00,0,50
index.js,21,js,0ee4812b,norahkerendian,2025-01-29,01:22:24,-08:00,2025-01-29T01:22:24-08:00,0,4
index.js,22,js,0ee4812b,norahkerendian,2025-01-29,01:22:24,-08:00,2025-01-29T01:22:24-08:00,0,1
index.js,23,js,0ee4812b,norahkerendian,2025-01-29,01:22:24,-08:00,2025-01-29T01:22:24-08:00,0,0
index.html,1,html,2156b613,norahkerendian,2025-01-07,15:07:00,-08:00,2025-01-07T15:07:00-08:00,0,14
index.html,2,html,91840fd5,norahkerendian,2025-01-23,13:24:25,-08:00,2025-01-23T13:24:25-08:00,0,28
index.html,3,html,2156b613,norahkerendian,2025-01-07,15:07:00,-08:00,2025-01-07T15:07:00-08:00,0,5
index.html,4,html,2156b613,norahkerendian,2025-01-07,15:07:00,-08:00,2025-01-07T15:07:00-08:00,0,21
index.html,5,html,2156b613,norahkerendian,2025-01-07,15:07:00,-08:00,2025-01-07T15:07:00-08:00,0,69
index.html,6,html,2156b613,norahkerendian,2025-01-07,15:07:00,-08:00,2025-01-07T15:07:00-08:00,0,48
index.html,7,html,e87a3f2d,norahkerendian,2025-01-08,00:04:13,-08:00,2025-01-08T00:04:13-08:00,0,39
index.html,8,html,2156b613,norahkerendian,2025-01-07,15:07:00,-08:00,2025-01-07T15:07:00-08:00,0,6
index.html,9,html,2156b613,norahkerendian,2025-01-07,15:07:00,-08:00,2025-01-07T15:07:00-08:00,0,5
index.html,10,html,91840fd5,norahkerendian,2025-01-23,13:24:25,-08:00,2025-01-23T13:24:25-08:00,0,9
index.html,11,html,507ba8cb,norahkerendian,2025-01-08,17:00:19,-08:00,2025-01-08T17:00:19-08:00,0,3
index.html,12,html,8bebbb15,norahkerendian,2025-01-22,20:25:04,-08:00,2025-01-22T20:25:04-08:00,0,37
index.html,13,html,4dbc80f8,norahkerendian,2025-01-08,17:52:26,-08:00,2025-01-08T17:52:26-08:00,0,49
index.html,14,html,507ba8cb,norahkerendian,2025-01-08,17:00:19,-08:00,2025-01-08T17:00:19-08:00,0,48
index.html,15,html,507ba8cb,norahkerendian,2025-01-08,17:00:19,-08:00,2025-01-08T17:00:19-08:00,0,78
index.html,16,html,b7958cb3,norahkerendian,2025-01-08,18:58:08,-08:00,2025-01-08T18:58:08-08:00,0,46
index.html,17,html,507ba8cb,norahkerendian,2025-01-08,17:00:19,-08:00,2025-01-08T17:00:19-08:00,0,4
index.html,18,html,91840fd5,norahkerendian,2025-01-23,13:24:25,-08:00,2025-01-23T13:24:25-08:00,0,9
index.html,19,html,507ba8cb,norahkerendian,2025-01-08,17:00:19,-08:00,2025-01-08T17:00:19-08:00,0,0
index.html,20,html,2156b613,norahkerendian,2025-01-07,15:07:00,-08:00,2025-01-07T15:07:00-08:00,0,3
index.html,21,html,2156b613,norahkerendian,2025-01-07,15:07:00,-08:00,2025-01-07T15:07:00-08:00,0,14
index.html,22,html,2156b613,norahkerendian,2025-01-07,15:07:00,-08:00,2025-01-07T15:07:00-08:00,0,4
index.html,23,html,2156b613,norahkerendian,2025-01-07,15:07:00,-08:00,2025-01-07T15:07:00-08:00,0,2
index.html,24,html,2156b613,norahkerendian,2025-01-07,15:07:00,-08:00,2025-01-07T15:07:00-08:00,0,146
index.html,25,html,2156b613,norahkerendian,2025-01-07,15:07:00,-08:00,2025-01-07T15:07:00-08:00,0,3
index.html,26,html,696592ac,norahkerendian,2025-01-08,00:01:31,-08:00,2025-01-08T00:01:31-08:00,0,64
index.html,27,html,7e51368b,norahkerendian,2025-01-09,23:29:19,-08:00,2025-01-09T23:29:19-08:00,0,53
index.html,28,html,8648ff25,norahkerendian,2025-01-29,01:01:40,-08:00,2025-01-29T01:01:40-08:00,0,0
index.html,29,html,8648ff25,norahkerendian,2025-01-29,01:01:40,-08:00,2025-01-29T01:01:40-08:00,0,23
index.html,30,html,0ee4812b,norahkerendian,2025-01-29,01:22:24,-08:00,2025-01-29T01:22:24-08:00,0,0
index.html,31,html,8648ff25,norahkerendian,2025-01-29,01:01:40,-08:00,2025-01-29T01:01:40-08:00,0,21
index.html,32,html,8648ff25,norahkerendian,2025-01-29,01:01:40,-08:00,2025-01-29T01:01:40-08:00,0,50
index.html,33,html,8648ff25,norahkerendian,2025-01-29,01:01:40,-08:00,2025-01-29T01:01:40-08:00,0,5
index.html,34,html,0ee4812b,norahkerendian,2025-01-29,01:22:24,-08:00,2025-01-29T01:22:24-08:00,0,0
index.html,35,html,0ee4812b,norahkerendian,2025-01-29,01:22:24,-08:00,2025-01-29T01:22:24-08:00,0,23
index.html,36,html,0ee4812b,norahkerendian,2025-01-29,01:22:24,-08:00,2025-01-29T01:22:24-08:00,0,0
index.html,37,html,0ee4812b,norahkerendian,2025-01-29,01:22:24,-08:00,2025-01-29T01:22:24-08:00,0,5
index.html,38,html,d0db60bc,norahkerendian,2025-01-22,01:27:41,-08:00,2025-01-22T01:27:41-08:00,0,46
index.html,39,html,8648ff25,norahkerendian,2025-01-29,01:01:40,-08:00,2025-01-29T01:01:40-08:00,0,51
index.html,40,html,2156b613,norahkerendian,2025-01-07,15:07:00,-08:00,2025-01-07T15:07:00-08:00,0,6
index.html,41,html,2156b613,norahkerendian,2025-01-07,15:07:00,-08:00,2025-01-07T15:07:00-08:00,0,6
global.js,1,js,d0db60bc,norahkerendian,2025-01-22,01:27:41,-08:00,2025-01-22T01:27:41-08:00,0,26
global.js,2,js,d0db60bc,norahkerendian,2025-01-22,01:27:41,-08:00,2025-01-22T01:27:41-08:00,0,0
global.js,3,js,d0db60bc,norahkerendian,2025-01-22,01:27:41,-08:00,2025-01-22T01:27:41-08:00,0,42
global.js,4,js,d0db60bc,norahkerendian,2025-01-22,01:27:41,-08:00,2025-01-22T01:27:41-08:00,0,53
global.js,5,js,8bebbb15,norahkerendian,2025-01-22,20:25:04,-08:00,2025-01-22T20:25:04-08:00,0,0
global.js,6,js,8bebbb15,norahkerendian,2025-01-22,20:25:04,-08:00,2025-01-22T20:25:04-08:00,0,0
global.js,7,js,91840fd5,norahkerendian,2025-01-23,13:24:25,-08:00,2025-01-23T13:24:25-08:00,0,31
global.js,8,js,8bebbb15,norahkerendian,2025-01-22,20:25:04,-08:00,2025-01-22T20:25:04-08:00,0,0
global.js,9,js,91840fd5,norahkerendian,2025-01-23,13:24:25,-08:00,2025-01-23T13:24:25-08:00,0,34
global.js,10,js,91840fd5,norahkerendian,2025-01-23,13:24:25,-08:00,2025-01-23T13:24:25-08:00,0,73
global.js,11,js,91840fd5,norahkerendian,2025-01-23,13:24:25,-08:00,2025-01-23T13:24:25-08:00,0,6
global.js,12,js,8bebbb15,norahkerendian,2025-01-22,20:25:04,-08:00,2025-01-22T20:25:04-08:00,0,0
global.js,13,js,91840fd5,norahkerendian,2025-01-23,13:24:25,-08:00,2025-01-23T13:24:25-08:00,0,42
global.js,14,js,91840fd5,norahkerendian,2025-01-23,13:24:25,-08:00,2025-01-23T13:24:25-08:00,0,0
global.js,15,js,91840fd5,norahkerendian,2025-01-23,13:24:25,-08:00,2025-01-23T13:24:25-08:00,0,12
global.js,16,js,91840fd5,norahkerendian,2025-01-23,13:24:25,-08:00,2025-01-23T13:24:25-08:00,0,26
global.js,17,js,91840fd5,norahkerendian,2025-01-23,13:24:25,-08:00,2025-01-23T13:24:25-08:00,0,39
global.js,18,js,91840fd5,norahkerendian,2025-01-23,13:24:25,-08:00,2025-01-23T13:24:25-08:00,0,37
global.js,19,js,91840fd5,norahkerendian,2025-01-23,13:24:25,-08:00,2025-01-23T13:24:25-08:00,0,61
global.js,20,js,91840fd5,norahkerendian,2025-01-23,13:24:25,-08:00,2025-01-23T13:24:25-08:00,0,35
global.js,21,js,396f8e91,norahkerendian,2025-02-09,23:11:42,-08:00,2025-02-09T23:11:42-08:00,0,30
global.js,22,js,91840fd5,norahkerendian,2025-01-23,13:24:25,-08:00,2025-01-23T13:24:25-08:00,0,1
global.js,23,js,91840fd5,norahkerendian,2025-01-23,13:24:25,-08:00,2025-01-23T13:24:25-08:00,0,0
global.js,24,js,91840fd5,norahkerendian,2025-01-23,13:24:25,-08:00,2025-01-23T13:24:25-08:00,0,39
global.js,25,js,91840fd5,norahkerendian,2025-01-23,13:24:25,-08:00,2025-01-23T13:24:25-08:00,0,26
global.js,26,js,91840fd5,norahkerendian,2025-01-23,13:24:25,-08:00,2025-01-23T13:24:25-08:00,0,0
global.js,27,js,91840fd5,norahkerendian,2025-01-23,13:24:25,-08:00,2025-01-23T13:24:25-08:00,0,71
global.js,28,js,91840fd5,norahkerendian,2025-01-23,13:24:25,-08:00,2025-01-23T13:24:25-08:00,0,0
global.js,29,js,91840fd5,norahkerendian,2025-01-23,13:24:25,-08:00,2025-01-23T13:24:25-08:00,0,21
global.js,30,js,91840fd5,norahkerendian,2025-01-23,13:24:25,-08:00,2025-01-23T13:24:25-08:00,0,15
global.js,31,js,91840fd5,norahkerendian,2025-01-23,13:24:25,-08:00,2025-01-23T13:24:25-08:00,0,19
global.js,32,js,91840fd5,norahkerendian,2025-01-23,13:24:25,-08:00,2025-01-23T13:24:25-08:00,0,0
global.js,33,js,91840fd5,norahkerendian,2025-01-23,13:24:25,-08:00,2025-01-23T13:24:25-08:00,0,65
global.js,34,js,91840fd5,norahkerendian,2025-01-23,13:24:25,-08:00,2025-01-23T13:24:25-08:00,0,0
global.js,35,js,91840fd5,norahkerendian,2025-01-23,13:24:25,-08:00,2025-01-23T13:24:25-08:00,0,35
global.js,36,js,91840fd5,norahkerendian,2025-01-23,13:24:25,-08:00,2025-01-23T13:24:25-08:00,0,12
global.js,37,js,91840fd5,norahkerendian,2025-01-23,13:24:25,-08:00,2025-01-23T13:24:25-08:00,0,21
global.js,38,js,91840fd5,norahkerendian,2025-01-23,13:24:25,-08:00,2025-01-23T13:24:25-08:00,0,13
global.js,39,js,91840fd5,norahkerendian,2025-01-23,13:24:25,-08:00,2025-01-23T13:24:25-08:00,0,0
global.js,40,js,91840fd5,norahkerendian,2025-01-23,13:24:25,-08:00,2025-01-23T13:24:25-08:00,0,66
global.js,41,js,91840fd5,norahkerendian,2025-01-23,13:24:25,-08:00,2025-01-23T13:24:25-08:00,0,26
global.js,42,js,91840fd5,norahkerendian,2025-01-23,13:24:25,-08:00,2025-01-23T13:24:25-08:00,0,0
global.js,43,js,91840fd5,norahkerendian,2025-01-23,13:24:25,-08:00,2025-01-23T13:24:25-08:00,0,0
global.js,44,js,91840fd5,norahkerendian,2025-01-23,13:24:25,-08:00,2025-01-23T13:24:25-08:00,0,30
global.js,45,js,91840fd5,norahkerendian,2025-01-23,13:24:25,-08:00,2025-01-23T13:24:25-08:00,0,19
global.js,46,js,91840fd5,norahkerendian,2025-01-23,13:24:25,-08:00,2025-01-23T13:24:25-08:00,0,0
global.js,47,js,8384a4a3,norahkerendian,2025-01-23,20:33:07,-08:00,2025-01-23T20:33:07-08:00,0,0
global.js,48,js,8384a4a3,norahkerendian,2025-01-23,20:33:07,-08:00,2025-01-23T20:33:07-08:00,0,0
global.js,49,js,8384a4a3,norahkerendian,2025-01-23,20:33:07,-08:00,2025-01-23T20:33:07-08:00,0,32
global.js,50,js,8384a4a3,norahkerendian,2025-01-23,20:33:07,-08:00,2025-01-23T20:33:07-08:00,0,12
global.js,51,js,8384a4a3,norahkerendian,2025-01-23,20:33:07,-08:00,2025-01-23T20:33:07-08:00,0,0
global.js,52,js,8384a4a3,norahkerendian,2025-01-23,20:33:07,-08:00,2025-01-23T20:33:07-08:00,0,27
global.js,53,js,8384a4a3,norahkerendian,2025-01-23,20:33:07,-08:00,2025-01-23T20:33:07-08:00,0,5
global.js,54,js,8384a4a3,norahkerendian,2025-01-23,20:33:07,-08:00,2025-01-23T20:33:07-08:00,0,7
global.js,55,js,8384a4a3,norahkerendian,2025-01-23,20:33:07,-08:00,2025-01-23T20:33:07-08:00,0,38
global.js,56,js,8384a4a3,norahkerendian,2025-01-23,20:33:07,-08:00,2025-01-23T20:33:07-08:00,0,35
global.js,57,js,8384a4a3,norahkerendian,2025-01-23,20:33:07,-08:00,2025-01-23T20:33:07-08:00,0,33
global.js,58,js,8384a4a3,norahkerendian,2025-01-23,20:33:07,-08:00,2025-01-23T20:33:07-08:00,0,8
global.js,59,js,8384a4a3,norahkerendian,2025-01-23,20:33:07,-08:00,2025-01-23T20:33:07-08:00,0,8
global.js,60,js,8384a4a3,norahkerendian,2025-01-23,20:33:07,-08:00,2025-01-23T20:33:07-08:00,0,1
global.js,61,js,8384a4a3,norahkerendian,2025-01-23,20:33:07,-08:00,2025-01-23T20:33:07-08:00,0,0
global.js,62,js,8384a4a3,norahkerendian,2025-01-23,20:33:07,-08:00,2025-01-23T20:33:07-08:00,0,37
global.js,63,js,8384a4a3,norahkerendian,2025-01-23,20:33:07,-08:00,2025-01-23T20:33:07-08:00,0,71
global.js,64,js,8384a4a3,norahkerendian,2025-01-23,20:33:07,-08:00,2025-01-23T20:33:07-08:00,0,38
global.js,65,js,8384a4a3,norahkerendian,2025-01-23,20:33:07,-08:00,2025-01-23T20:33:07-08:00,0,0
global.js,66,js,8384a4a3,norahkerendian,2025-01-23,20:33:07,-08:00,2025-01-23T20:33:07-08:00,0,0
global.js,67,js,8384a4a3,norahkerendian,2025-01-23,20:33:07,-08:00,2025-01-23T20:33:07-08:00,0,61
global.js,68,js,8384a4a3,norahkerendian,2025-01-23,20:33:07,-08:00,2025-01-23T20:33:07-08:00,0,0
global.js,69,js,8384a4a3,norahkerendian,2025-01-23,20:33:07,-08:00,2025-01-23T20:33:07-08:00,0,30
global.js,70,js,8384a4a3,norahkerendian,2025-01-23,20:33:07,-08:00,2025-01-23T20:33:07-08:00,0,40
global.js,71,js,8384a4a3,norahkerendian,2025-01-23,20:33:07,-08:00,2025-01-23T20:33:07-08:00,0,39
global.js,72,js,8384a4a3,norahkerendian,2025-01-23,20:33:07,-08:00,2025-01-23T20:33:07-08:00,0,7
global.js,73,js,8384a4a3,norahkerendian,2025-01-23,20:33:07,-08:00,2025-01-23T20:33:07-08:00,0,22
global.js,74,js,8384a4a3,norahkerendian,2025-01-23,20:33:07,-08:00,2025-01-23T20:33:07-08:00,0,21
global.js,75,js,8384a4a3,norahkerendian,2025-01-23,20:33:07,-08:00,2025-01-23T20:33:07-08:00,0,0
global.js,76,js,8384a4a3,norahkerendian,2025-01-23,20:33:07,-08:00,2025-01-23T20:33:07-08:00,0,0
global.js,77,js,8384a4a3,norahkerendian,2025-01-23,20:33:07,-08:00,2025-01-23T20:33:07-08:00,0,50
global.js,78,js,8384a4a3,norahkerendian,2025-01-23,20:33:07,-08:00,2025-01-23T20:33:07-08:00,0,58
global.js,79,js,8384a4a3,norahkerendian,2025-01-23,20:33:07,-08:00,2025-01-23T20:33:07-08:00,0,34
global.js,80,js,8384a4a3,norahkerendian,2025-01-23,20:33:07,-08:00,2025-01-23T20:33:07-08:00,0,2
global.js,81,js,38477c42,norahkerendian,2025-01-23,21:06:03,-08:00,2025-01-23T21:06:03-08:00,0,0
global.js,82,js,38477c42,norahkerendian,2025-01-23,21:06:03,-08:00,2025-01-23T21:06:03-08:00,0,0
global.js,83,js,38477c42,norahkerendian,2025-01-23,21:06:03,-08:00,2025-01-23T21:06:03-08:00,0,81
global.js,84,js,38477c42,norahkerendian,2025-01-23,21:06:03,-08:00,2025-01-23T21:06:03-08:00,0,0
global.js,85,js,38477c42,norahkerendian,2025-01-23,21:06:03,-08:00,2025-01-23T21:06:03-08:00,0,50
global.js,86,js,38477c42,norahkerendian,2025-01-23,21:06:03,-08:00,2025-01-23T21:06:03-08:00,0,22
global.js,87,js,38477c42,norahkerendian,2025-01-23,21:06:03,-08:00,2025-01-23T21:06:03-08:00,0,0
global.js,88,js,38477c42,norahkerendian,2025-01-23,21:06:03,-08:00,2025-01-23T21:06:03-08:00,0,29
global.js,89,js,38477c42,norahkerendian,2025-01-23,21:06:03,-08:00,2025-01-23T21:06:03-08:00,0,27
global.js,90,js,38477c42,norahkerendian,2025-01-23,21:06:03,-08:00,2025-01-23T21:06:03-08:00,0,0
global.js,91,js,38477c42,norahkerendian,2025-01-23,21:06:03,-08:00,2025-01-23T21:06:03-08:00,0,32
global.js,92,js,38477c42,norahkerendian,2025-01-23,21:06:03,-08:00,2025-01-23T21:06:03-08:00,0,44
global.js,93,js,38477c42,norahkerendian,2025-01-23,21:06:03,-08:00,2025-01-23T21:06:03-08:00,0,66
global.js,94,js,38477c42,norahkerendian,2025-01-23,21:06:03,-08:00,2025-01-23T21:06:03-08:00,0,0
global.js,95,js,38477c42,norahkerendian,2025-01-23,21:06:03,-08:00,2025-01-23T21:06:03-08:00,0,0
global.js,96,js,38477c42,norahkerendian,2025-01-23,21:06:03,-08:00,2025-01-23T21:06:03-08:00,0,19
global.js,97,js,38477c42,norahkerendian,2025-01-23,21:06:03,-08:00,2025-01-23T21:06:03-08:00,0,2
global.js,98,js,7d69018b,norahkerendian,2025-01-28,22:58:07,-08:00,2025-01-28T22:58:07-08:00,0,0
global.js,99,js,7d69018b,norahkerendian,2025-01-28,22:58:07,-08:00,2025-01-28T22:58:07-08:00,0,37
global.js,100,js,7d69018b,norahkerendian,2025-01-28,22:58:07,-08:00,2025-01-28T22:58:07-08:00,0,4
global.js,101,js,7d69018b,norahkerendian,2025-01-28,22:58:07,-08:00,2025-01-28T22:58:07-08:00,0,40
global.js,102,js,98108f66,norahkerendian,2025-01-29,00:32:34,-08:00,2025-01-29T00:32:34-08:00,0,15
global.js,103,js,7d69018b,norahkerendian,2025-01-28,22:58:07,-08:00,2025-01-28T22:58:07-08:00,0,33
global.js,104,js,7d69018b,norahkerendian,2025-01-28,22:58:07,-08:00,2025-01-28T22:58:07-08:00,0,18
global.js,105,js,7d69018b,norahkerendian,2025-01-28,22:58:07,-08:00,2025-01-28T22:58:07-08:00,0,22
global.js,106,js,7d69018b,norahkerendian,2025-01-28,22:58:07,-08:00,2025-01-28T22:58:07-08:00,0,67
global.js,107,js,7d69018b,norahkerendian,2025-01-28,22:58:07,-08:00,2025-01-28T22:58:07-08:00,0,0
global.js,108,js,7d69018b,norahkerendian,2025-01-28,22:58:07,-08:00,2025-01-28T22:58:07-08:00,0,0
global.js,109,js,7d69018b,norahkerendian,2025-01-28,22:58:07,-08:00,2025-01-28T22:58:07-08:00,0,34
global.js,110,js,98108f66,norahkerendian,2025-01-29,00:32:34,-08:00,2025-01-29T00:32:34-08:00,0,11
global.js,111,js,7d69018b,norahkerendian,2025-01-28,22:58:07,-08:00,2025-01-28T22:58:07-08:00,0,0
global.js,112,js,7d69018b,norahkerendian,2025-01-28,22:58:07,-08:00,2025-01-28T22:58:07-08:00,0,0
global.js,113,js,7d69018b,norahkerendian,2025-01-28,22:58:07,-08:00,2025-01-28T22:58:07-08:00,0,16
global.js,114,js,7d69018b,norahkerendian,2025-01-28,22:58:07,-08:00,2025-01-28T22:58:07-08:00,0,60
global.js,115,js,7d69018b,norahkerendian,2025-01-28,22:58:07,-08:00,2025-01-28T22:58:07-08:00,0,0
global.js,116,js,7d69018b,norahkerendian,2025-01-28,22:58:07,-08:00,2025-01-28T22:58:07-08:00,0,0
global.js,117,js,7d69018b,norahkerendian,2025-01-28,22:58:07,-08:00,2025-01-28T22:58:07-08:00,0,0
global.js,118,js,025a957e,norahkerendian,2025-01-29,10:34:42,-08:00,2025-01-29T10:34:42-08:00,0,73
global.js,119,js,6b5405c6,norahkerendian,2025-01-29,10:26:52,-08:00,2025-01-29T10:26:52-08:00,0,33
global.js,120,js,42020ac5,norahkerendian,2025-01-29,10:28:24,-08:00,2025-01-29T10:28:24-08:00,0,0
global.js,121,js,ea187679,norahkerendian,2025-02-01,23:14:40,-08:00,2025-02-01T23:14:40-08:00,0,80
global.js,122,js,98108f66,norahkerendian,2025-01-29,00:32:34,-08:00,2025-01-29T00:32:34-08:00,0,31
global.js,123,js,ea187679,norahkerendian,2025-02-01,23:14:40,-08:00,2025-02-01T23:14:40-08:00,0,28
global.js,124,js,8648ff25,norahkerendian,2025-01-29,01:01:40,-08:00,2025-01-29T01:01:40-08:00,0,49
global.js,125,js,8648ff25,norahkerendian,2025-01-29,01:01:40,-08:00,2025-01-29T01:01:40-08:00,0,20
global.js,126,js,8648ff25,norahkerendian,2025-01-29,01:01:40,-08:00,2025-01-29T01:01:40-08:00,0,50
global.js,127,js,8648ff25,norahkerendian,2025-01-29,01:01:40,-08:00,2025-01-29T01:01:40-08:00,0,50
global.js,128,js,ea187679,norahkerendian,2025-02-01,23:14:40,-08:00,2025-02-01T23:14:40-08:00,0,37
global.js,129,js,ea187679,norahkerendian,2025-02-01,23:14:40,-08:00,2025-02-01T23:14:40-08:00,0,28
global.js,130,js,ea187679,norahkerendian,2025-02-01,23:14:40,-08:00,2025-02-01T23:14:40-08:00,0,71
global.js,131,js,ea187679,norahkerendian,2025-02-01,23:14:40,-08:00,2025-02-01T23:14:40-08:00,0,5
global.js,132,js,8648ff25,norahkerendian,2025-01-29,01:01:40,-08:00,2025-01-29T01:01:40-08:00,0,1
global.js,133,js,8648ff25,norahkerendian,2025-01-29,01:01:40,-08:00,2025-01-29T01:01:40-08:00,0,37
global.js,134,js,8648ff25,norahkerendian,2025-01-29,01:01:40,-08:00,2025-01-29T01:01:40-08:00,0,2
global.js,135,js,0ee4812b,norahkerendian,2025-01-29,01:22:24,-08:00,2025-01-29T01:22:24-08:00,0,0
global.js,136,js,0ee4812b,norahkerendian,2025-01-29,01:22:24,-08:00,2025-01-29T01:22:24-08:00,0,48
global.js,137,js,0ee4812b,norahkerendian,2025-01-29,01:22:24,-08:00,2025-01-29T01:22:24-08:00,0,23
global.js,138,js,0ee4812b,norahkerendian,2025-01-29,01:22:24,-08:00,2025-01-29T01:22:24-08:00,0,60
global.js,139,js,98108f66,norahkerendian,2025-01-29,00:32:34,-08:00,2025-01-29T00:32:34-08:00,0,0
resume/index.html,1,html,b7958cb3,norahkerendian,2025-01-08,18:58:08,-08:00,2025-01-08T18:58:08-08:00,0,14
resume/index.html,2,html,b7958cb3,norahkerendian,2025-01-08,18:58:08,-08:00,2025-01-08T18:58:08-08:00,0,15
resume/index.html,3,html,b7958cb3,norahkerendian,2025-01-08,18:58:08,-08:00,2025-01-08T18:58:08-08:00,0,5
resume/index.html,4,html,b7958cb3,norahkerendian,2025-01-08,18:58:08,-08:00,2025-01-08T18:58:08-08:00,0,21
resume/index.html,5,html,b7958cb3,norahkerendian,2025-01-08,18:58:08,-08:00,2025-01-08T18:58:08-08:00,0,69
resume/index.html,6,html,b7958cb3,norahkerendian,2025-01-08,18:58:08,-08:00,2025-01-08T18:58:08-08:00,0,20
resume/index.html,7,html,94c4253d,norahkerendian,2025-01-15,00:49:57,-08:00,2025-01-15T00:49:57-08:00,0,42
resume/index.html,8,html,b7958cb3,norahkerendian,2025-01-08,18:58:08,-08:00,2025-01-08T18:58:08-08:00,0,6
resume/index.html,9,html,b7958cb3,norahkerendian,2025-01-08,18:58:08,-08:00,2025-01-08T18:58:08-08:00,0,5
resume/index.html,10,html,91840fd5,norahkerendian,2025-01-23,13:24:25,-08:00,2025-01-23T13:24:25-08:00,0,9
resume/index.html,11,html,9a745649,norahkerendian,2025-01-08,19:01:24,-08:00,2025-01-08T19:01:24-08:00,0,3
resume/index.html,12,html,9a745649,norahkerendian,2025-01-08,19:01:24,-08:00,2025-01-08T19:01:24-08:00,0,40
resume/index.html,13,html,9a745649,norahkerendian,2025-01-08,19:01:24,-08:00,2025-01-08T19:01:24-08:00,0,52
resume/index.html,14,html,9a745649,norahkerendian,2025-01-08,19:01:24,-08:00,2025-01-08T19:01:24-08:00,0,51
resume/index.html,15,html,9a745649,norahkerendian,2025-01-08,19:01:24,-08:00,2025-01-08T19:01:24-08:00,0,78
resume/index.html,16,html,8bebbb15,norahkerendian,2025-01-22,20:25:04,-08:00,2025-01-22T20:25:04-08:00,0,39
resume/index.html,17,html,9a745649,norahkerendian,2025-01-08,19:01:24,-08:00,2025-01-08T19:01:24-08:00,0,4
resume/index.html,18,html,91840fd5,norahkerendian,2025-01-23,13:24:25,-08:00,2025-01-23T13:24:25-08:00,0,9
resume/index.html,19,html,9a745649,norahkerendian,2025-01-08,19:01:24,-08:00,2025-01-08T19:01:24-08:00,0,0
resume/index.html,20,html,b7958cb3,norahkerendian,2025-01-08,18:58:08,-08:00,2025-01-08T18:58:08-08:00,0,8
resume/index.html,21,html,0402a606,norahkerendian,2025-01-17,00:34:46,-08:00,2025-01-17T00:34:46-08:00,0,23
resume/index.html,22,html,e43d39a2,norahkerendian,2025-01-09,20:41:45,-08:00,2025-01-09T20:41:45-08:00,0,193
resume/index.html,23,html,b7958cb3,norahkerendian,2025-01-08,18:58:08,-08:00,2025-01-08T18:58:08-08:00,0,9
resume/index.html,24,html,e43d39a2,norahkerendian,2025-01-09,20:41:45,-08:00,2025-01-09T20:41:45-08:00,0,0
resume/index.html,25,html,b7958cb3,norahkerendian,2025-01-08,18:58:08,-08:00,2025-01-08T18:58:08-08:00,0,0
resume/index.html,26,html,b7958cb3,norahkerendian,2025-01-08,18:58:08,-08:00,2025-01-08T18:58:08-08:00,0,8
resume/index.html,27,html,b7958cb3,norahkerendian,2025-01-08,18:58:08,-08:00,2025-01-08T18:58:08-08:00,0,17
resume/index.html,28,html,b7958cb3,norahkerendian,2025-01-08,18:58:08,-08:00,2025-01-08T18:58:08-08:00,0,8
resume/index.html,29,html,0402a606,norahkerendian,2025-01-17,00:34:46,-08:00,2025-01-17T00:34:46-08:00,0,3
resume/index.html,30,html,0402a606,norahkerendian,2025-01-17,00:34:46,-08:00,2025-01-17T00:34:46-08:00,0,69
resume/index.html,31,html,0402a606,norahkerendian,2025-01-17,00:34:46,-08:00,2025-01-17T00:34:46-08:00,0,19
resume/index.html,32,html,0402a606,norahkerendian,2025-01-17,00:34:46,-08:00,2025-01-17T00:34:46-08:00,0,74
resume/index.html,33,html,0402a606,norahkerendian,2025-01-17,00:34:46,-08:00,2025-01-17T00:34:46-08:00,0,6
resume/index.html,34,html,0402a606,norahkerendian,2025-01-17,00:34:46,-08:00,2025-01-17T00:34:46-08:00,0,4
resume/index.html,35,html,0402a606,norahkerendian,2025-01-17,00:34:46,-08:00,2025-01-17T00:34:46-08:00,0,62
resume/index.html,36,html,0402a606,norahkerendian,2025-01-17,00:34:46,-08:00,2025-01-17T00:34:46-08:00,0,63
resume/index.html,37,html,0402a606,norahkerendian,2025-01-17,00:34:46,-08:00,2025-01-17T00:34:46-08:00,0,133
resume/index.html,38,html,0402a606,norahkerendian,2025-01-17,00:34:46,-08:00,2025-01-17T00:34:46-08:00,0,3
resume/index.html,39,html,b7958cb3,norahkerendian,2025-01-08,18:58:08,-08:00,2025-01-08T18:58:08-08:00,0,9
resume/index.html,40,html,b7958cb3,norahkerendian,2025-01-08,18:58:08,-08:00,2025-01-08T18:58:08-08:00,0,9
resume/index.html,41,html,b7958cb3,norahkerendian,2025-01-08,18:58:08,-08:00,2025-01-08T18:58:08-08:00,0,0
resume/index.html,42,html,e43d39a2,norahkerendian,2025-01-09,20:41:45,-08:00,2025-01-09T20:41:45-08:00,0,8
resume/index.html,43,html,e43d39a2,norahkerendian,2025-01-09,20:41:45,-08:00,2025-01-09T20:41:45-08:00,0,31
resume/index.html,44,html,e43d39a2,norahkerendian,2025-01-09,20:41:45,-08:00,2025-01-09T20:41:45-08:00,0,0
resume/index.html,45,html,e43d39a2,norahkerendian,2025-01-09,20:41:45,-08:00,2025-01-09T20:41:45-08:00,0,8
resume/index.html,46,html,e43d39a2,norahkerendian,2025-01-09,20:41:45,-08:00,2025-01-09T20:41:45-08:00,0,3
resume/index.html,47,html,0402a606,norahkerendian,2025-01-17,00:34:46,-08:00,2025-01-17T00:34:46-08:00,0,70
resume/index.html,48,html,0402a606,norahkerendian,2025-01-17,00:34:46,-08:00,2025-01-17T00:34:46-08:00,0,5
resume/index.html,49,html,0402a606,norahkerendian,2025-01-17,00:34:46,-08:00,2025-01-17T00:34:46-08:00,0,83
resume/index.html,50,html,0402a606,norahkerendian,2025-01-17,00:34:46,-08:00,2025-01-17T00:34:46-08:00,0,6
resume/index.html,51,html,e43d39a2,norahkerendian,2025-01-09,20:41:45,-08:00,2025-01-09T20:41:45-08:00,0,4
resume/index.html,52,html,e43d39a2,norahkerendian,2025-01-09,20:41:45,-08:00,2025-01-09T20:41:45-08:00,0,2
resume/index.html,53,html,e43d39a2,norahkerendian,2025-01-09,20:41:45,-08:00,2025-01-09T20:41:45-08:00,0,25
resume/index.html,54,html,e43d39a2,norahkerendian,2025-01-09,20:41:45,-08:00,2025-01-09T20:41:45-08:00,0,3
resume/index.html,55,html,e43d39a2,norahkerendian,2025-01-09,20:41:45,-08:00,2025-01-09T20:41:45-08:00,0,3
resume/index.html,56,html,e43d39a2,norahkerendian,2025-01-09,20:41:45,-08:00,2025-01-09T20:41:45-08:00,0,260
resume/index.html,57,html,e43d39a2,norahkerendian,2025-01-09,20:41:45,-08:00,2025-01-09T20:41:45-08:00,0,198
resume/index.html,58,html,e43d39a2,norahkerendian,2025-01-09,20:41:45,-08:00,2025-01-09T20:41:45-08:00,0,208
resume/index.html,59,html,e43d39a2,norahkerendian,2025-01-09,20:41:45,-08:00,2025-01-09T20:41:45-08:00,0,4
resume/index.html,60,html,e43d39a2,norahkerendian,2025-01-09,20:41:45,-08:00,2025-01-09T20:41:45-08:00,0,2
resume/index.html,61,html,e43d39a2,norahkerendian,2025-01-09,20:41:45,-08:00,2025-01-09T20:41:45-08:00,0,41
resume/index.html,62,html,e43d39a2,norahkerendian,2025-01-09,20:41:45,-08:00,2025-01-09T20:41:45-08:00,0,3
resume/index.html,63,html,e43d39a2,norahkerendian,2025-01-09,20:41:45,-08:00,2025-01-09T20:41:45-08:00,0,3
resume/index.html,64,html,e43d39a2,norahkerendian,2025-01-09,20:41:45,-08:00,2025-01-09T20:41:45-08:00,0,379
resume/index.html,65,html,e43d39a2,norahkerendian,2025-01-09,20:41:45,-08:00,2025-01-09T20:41:45-08:00,0,4
resume/index.html,66,html,e43d39a2,norahkerendian,2025-01-09,20:41:45,-08:00,2025-01-09T20:41:45-08:00,0,9
resume/index.html,67,html,e43d39a2,norahkerendian,2025-01-09,20:41:45,-08:00,2025-01-09T20:41:45-08:00,0,0
resume/index.html,68,html,e43d39a2,norahkerendian,2025-01-09,20:41:45,-08:00,2025-01-09T20:41:45-08:00,0,8
resume/index.html,69,html,e43d39a2,norahkerendian,2025-01-09,20:41:45,-08:00,2025-01-09T20:41:45-08:00,0,3
resume/index.html,70,html,0402a606,norahkerendian,2025-01-17,00:34:46,-08:00,2025-01-17T00:34:46-08:00,0,71
resume/index.html,71,html,0402a606,norahkerendian,2025-01-17,00:34:46,-08:00,2025-01-17T00:34:46-08:00,0,5
resume/index.html,72,html,0402a606,norahkerendian,2025-01-17,00:34:46,-08:00,2025-01-17T00:34:46-08:00,0,82
resume/index.html,73,html,0402a606,norahkerendian,2025-01-17,00:34:46,-08:00,2025-01-17T00:34:46-08:00,0,6
resume/index.html,74,html,0402a606,norahkerendian,2025-01-17,00:34:46,-08:00,2025-01-17T00:34:46-08:00,0,0
resume/index.html,75,html,e43d39a2,norahkerendian,2025-01-09,20:41:45,-08:00,2025-01-09T20:41:45-08:00,0,4
resume/index.html,76,html,e43d39a2,norahkerendian,2025-01-09,20:41:45,-08:00,2025-01-09T20:41:45-08:00,0,3
resume/index.html,77,html,e43d39a2,norahkerendian,2025-01-09,20:41:45,-08:00,2025-01-09T20:41:45-08:00,0,109
resume/index.html,78,html,e43d39a2,norahkerendian,2025-01-09,20:41:45,-08:00,2025-01-09T20:41:45-08:00,0,155
resume/index.html,79,html,e43d39a2,norahkerendian,2025-01-09,20:41:45,-08:00,2025-01-09T20:41:45-08:00,0,4
resume/index.html,80,html,e43d39a2,norahkerendian,2025-01-09,20:41:45,-08:00,2025-01-09T20:41:45-08:00,0,9
resume/index.html,81,html,e43d39a2,norahkerendian,2025-01-09,20:41:45,-08:00,2025-01-09T20:41:45-08:00,0,0
resume/index.html,82,html,e43d39a2,norahkerendian,2025-01-09,20:41:45,-08:00,2025-01-09T20:41:45-08:00,0,8
resume/index.html,83,html,e43d39a2,norahkerendian,2025-01-09,20:41:45,-08:00,2025-01-09T20:41:45-08:00,0,3
resume/index.html,84,html,0402a606,norahkerendian,2025-01-17,00:34:46,-08:00,2025-01-17T00:34:46-08:00,0,49
resume/index.html,85,html,0402a606,norahkerendian,2025-01-17,00:34:46,-08:00,2025-01-17T00:34:46-08:00,0,5
resume/index.html,86,html,0402a606,norahkerendian,2025-01-17,00:34:46,-08:00,2025-01-17T00:34:46-08:00,0,85
resume/index.html,87,html,0402a606,norahkerendian,2025-01-17,00:34:46,-08:00,2025-01-17T00:34:46-08:00,0,6
resume/index.html,88,html,0402a606,norahkerendian,2025-01-17,00:34:46,-08:00,2025-01-17T00:34:46-08:00,0,0
resume/index.html,89,html,e43d39a2,norahkerendian,2025-01-09,20:41:45,-08:00,2025-01-09T20:41:45-08:00,0,4
resume/index.html,90,html,e43d39a2,norahkerendian,2025-01-09,20:41:45,-08:00,2025-01-09T20:41:45-08:00,0,3
resume/index.html,91,html,e43d39a2,norahkerendian,2025-01-09,20:41:45,-08:00,2025-01-09T20:41:45-08:00,0,225
resume/index.html,92,html,e43d39a2,norahkerendian,2025-01-09,20:41:45,-08:00,2025-01-09T20:41:45-08:00,0,203
resume/index.html,93,html,e43d39a2,norahkerendian,2025-01-09,20:41:45,-08:00,2025-01-09T20:41:45-08:00,0,4
resume/index.html,94,html,e43d39a2,norahkerendian,2025-01-09,20:41:45,-08:00,2025-01-09T20:41:45-08:00,0,9
resume/index.html,95,html,e43d39a2,norahkerendian,2025-01-09,20:41:45,-08:00,2025-01-09T20:41:45-08:00,0,9
resume/index.html,96,html,e43d39a2,norahkerendian,2025-01-09,20:41:45,-08:00,2025-01-09T20:41:45-08:00,0,0
resume/index.html,97,html,e43d39a2,norahkerendian,2025-01-09,20:41:45,-08:00,2025-01-09T20:41:45-08:00,0,8
resume/index.html,98,html,e43d39a2,norahkerendian,2025-01-09,20:41:45,-08:00,2025-01-09T20:41:45-08:00,0,56
resume/index.html,99,html,e43d39a2,norahkerendian,2025-01-09,20:41:45,-08:00,2025-01-09T20:41:45-08:00,0,0
resume/index.html,100,html,e43d39a2,norahkerendian,2025-01-09,20:41:45,-08:00,2025-01-09T20:41:45-08:00,0,8
resume/index.html,101,html,e43d39a2,norahkerendian,2025-01-09,20:41:45,-08:00,2025-01-09T20:41:45-08:00,0,3
resume/index.html,102,html,0402a606,norahkerendian,2025-01-17,00:34:46,-08:00,2025-01-17T00:34:46-08:00,0,59
resume/index.html,103,html,0402a606,norahkerendian,2025-01-17,00:34:46,-08:00,2025-01-17T00:34:46-08:00,0,5
resume/index.html,104,html,0402a606,norahkerendian,2025-01-17,00:34:46,-08:00,2025-01-17T00:34:46-08:00,0,85
resume/index.html,105,html,0402a606,norahkerendian,2025-01-17,00:34:46,-08:00,2025-01-17T00:34:46-08:00,0,6
resume/index.html,106,html,0402a606,norahkerendian,2025-01-17,00:34:46,-08:00,2025-01-17T00:34:46-08:00,0,0
resume/index.html,107,html,e43d39a2,norahkerendian,2025-01-09,20:41:45,-08:00,2025-01-09T20:41:45-08:00,0,4
resume/index.html,108,html,e43d39a2,norahkerendian,2025-01-09,20:41:45,-08:00,2025-01-09T20:41:45-08:00,0,3
resume/index.html,109,html,e43d39a2,norahkerendian,2025-01-09,20:41:45,-08:00,2025-01-09T20:41:45-08:00,0,213
resume/index.html,110,html,e43d39a2,norahkerendian,2025-01-09,20:41:45,-08:00,2025-01-09T20:41:45-08:00,0,169
resume/index.html,111,html,e43d39a2,norahkerendian,2025-01-09,20:41:45,-08:00,2025-01-09T20:41:45-08:00,0,4
resume/index.html,112,html,e43d39a2,norahkerendian,2025-01-09,20:41:45,-08:00,2025-01-09T20:41:45-08:00,0,9
resume/index.html,113,html,e43d39a2,norahkerendian,2025-01-09,20:41:45,-08:00,2025-01-09T20:41:45-08:00,0,0
resume/index.html,114,html,e43d39a2,norahkerendian,2025-01-09,20:41:45,-08:00,2025-01-09T20:41:45-08:00,0,8
resume/index.html,115,html,e43d39a2,norahkerendian,2025-01-09,20:41:45,-08:00,2025-01-09T20:41:45-08:00,0,3
resume/index.html,116,html,0402a606,norahkerendian,2025-01-17,00:34:46,-08:00,2025-01-17T00:34:46-08:00,0,64
resume/index.html,117,html,0402a606,norahkerendian,2025-01-17,00:34:46,-08:00,2025-01-17T00:34:46-08:00,0,5
resume/index.html,118,html,0402a606,norahkerendian,2025-01-17,00:34:46,-08:00,2025-01-17T00:34:46-08:00,0,83
resume/index.html,119,html,0402a606,norahkerendian,2025-01-17,00:34:46,-08:00,2025-01-17T00:34:46-08:00,0,6
resume/index.html,120,html,0402a606,norahkerendian,2025-01-17,00:34:46,-08:00,2025-01-17T00:34:46-08:00,0,0
resume/index.html,121,html,e43d39a2,norahkerendian,2025-01-09,20:41:45,-08:00,2025-01-09T20:41:45-08:00,0,4
resume/index.html,122,html,e43d39a2,norahkerendian,2025-01-09,20:41:45,-08:00,2025-01-09T20:41:45-08:00,0,3
resume/index.html,123,html,e43d39a2,norahkerendian,2025-01-09,20:41:45,-08:00,2025-01-09T20:41:45-08:00,0,393
resume/index.html,124,html,e43d39a2,norahkerendian,2025-01-09,20:41:45,-08:00,2025-01-09T20:41:45-08:00,0,104
resume/index.html,125,html,e43d39a2,norahkerendian,2025-01-09,20:41:45,-08:00,2025-01-09T20:41:45-08:00,0,4
resume/index.html,126,html,e43d39a2,norahkerendian,2025-01-09,20:41:45,-08:00,2025-01-09T20:41:45-08:00,0,9
resume/index.html,127,html,e43d39a2,norahkerendian,2025-01-09,20:41:45,-08:00,2025-01-09T20:41:45-08:00,0,9
resume/index.html,128,html,e43d39a2,norahkerendian,2025-01-09,20:41:45,-08:00,2025-01-09T20:41:45-08:00,0,0
resume/index.html,129,html,e43d39a2,norahkerendian,2025-01-09,20:41:45,-08:00,2025-01-09T20:41:45-08:00,0,8
resume/index.html,130,html,e43d39a2,norahkerendian,2025-01-09,20:41:45,-08:00,2025-01-09T20:41:45-08:00,0,38
resume/index.html,131,html,e43d39a2,norahkerendian,2025-01-09,20:41:45,-08:00,2025-01-09T20:41:45-08:00,0,0
resume/index.html,132,html,e43d39a2,norahkerendian,2025-01-09,20:41:45,-08:00,2025-01-09T20:41:45-08:00,0,8
resume/index.html,133,html,e43d39a2,norahkerendian,2025-01-09,20:41:45,-08:00,2025-01-09T20:41:45-08:00,0,3
resume/index.html,134,html,e43d39a2,norahkerendian,2025-01-09,20:41:45,-08:00,2025-01-09T20:41:45-08:00,0,130
resume/index.html,135,html,e43d39a2,norahkerendian,2025-01-09,20:41:45,-08:00,2025-01-09T20:41:45-08:00,0,78
resume/index.html,136,html,e43d39a2,norahkerendian,2025-01-09,20:41:45,-08:00,2025-01-09T20:41:45-08:00,0,4
resume/index.html,137,html,e43d39a2,norahkerendian,2025-01-09,20:41:45,-08:00,2025-01-09T20:41:45-08:00,0,9
resume/index.html,138,html,e43d39a2,norahkerendian,2025-01-09,20:41:45,-08:00,2025-01-09T20:41:45-08:00,0,9
resume/index.html,139,html,d0db60bc,norahkerendian,2025-01-22,01:27:41,-08:00,2025-01-22T01:27:41-08:00,0,49
resume/index.html,140,html,b7958cb3,norahkerendian,2025-01-08,18:58:08,-08:00,2025-01-08T18:58:08-08:00,0,6
resume/index.html,141,html,b7958cb3,norahkerendian,2025-01-08,18:58:08,-08:00,2025-01-08T18:58:08-08:00,0,6
projects/projects.js,1,js,98108f66,norahkerendian,2025-01-29,00:32:34,-08:00,2025-01-29T00:32:34-08:00,0,34
projects/projects.js,2,js,2bb61bfd,norahkerendian,2025-02-02,00:10:33,-08:00,2025-02-02T00:10:33-08:00,0,0
projects/projects.js,3,js,98108f66,norahkerendian,2025-01-29,00:32:34,-08:00,2025-01-29T00:32:34-08:00,0,56
projects/projects.js,4,js,2bb61bfd,norahkerendian,2025-02-02,00:10:33,-08:00,2025-02-02T00:10:33-08:00,0,60
projects/projects.js,5,js,98108f66,norahkerendian,2025-01-29,00:32:34,-08:00,2025-01-29T00:32:34-08:00,0,0
projects/projects.js,6,js,75701f1b,norahkerendian,2025-02-03,09:56:42,-08:00,2025-02-03T09:56:42-08:00,0,58
projects/projects.js,7,js,75701f1b,norahkerendian,2025-02-03,09:56:42,-08:00,2025-02-03T09:56:42-08:00,0,54
projects/projects.js,8,js,75701f1b,norahkerendian,2025-02-03,09:56:42,-08:00,2025-02-03T09:56:42-08:00,0,0
projects/projects.js,9,js,75701f1b,norahkerendian,2025-02-03,09:56:42,-08:00,2025-02-03T09:56:42-08:00,0,27
projects/projects.js,10,js,75701f1b,norahkerendian,2025-02-03,09:56:42,-08:00,2025-02-03T09:56:42-08:00,0,8
projects/projects.js,11,js,75701f1b,norahkerendian,2025-02-03,09:56:42,-08:00,2025-02-03T09:56:42-08:00,0,15
projects/projects.js,12,js,75701f1b,norahkerendian,2025-02-03,09:56:42,-08:00,2025-02-03T09:56:42-08:00,0,12
projects/projects.js,13,js,75701f1b,norahkerendian,2025-02-03,09:56:42,-08:00,2025-02-03T09:56:42-08:00,0,1
projects/projects.js,14,js,75701f1b,norahkerendian,2025-02-03,09:56:42,-08:00,2025-02-03T09:56:42-08:00,0,0
projects/projects.js,15,js,75701f1b,norahkerendian,2025-02-03,09:56:42,-08:00,2025-02-03T09:56:42-08:00,0,45
projects/projects.js,16,js,75701f1b,norahkerendian,2025-02-03,09:56:42,-08:00,2025-02-03T09:56:42-08:00,0,36
projects/projects.js,17,js,75701f1b,norahkerendian,2025-02-03,09:56:42,-08:00,2025-02-03T09:56:42-08:00,0,2
projects/projects.js,18,js,75701f1b,norahkerendian,2025-02-03,09:56:42,-08:00,2025-02-03T09:56:42-08:00,0,0
projects/projects.js,19,js,75701f1b,norahkerendian,2025-02-03,09:56:42,-08:00,2025-02-03T09:56:42-08:00,0,48
projects/projects.js,20,js,75701f1b,norahkerendian,2025-02-03,09:56:42,-08:00,2025-02-03T09:56:42-08:00,0,58
projects/projects.js,21,js,75701f1b,norahkerendian,2025-02-03,09:56:42,-08:00,2025-02-03T09:56:42-08:00,0,51
projects/projects.js,22,js,75701f1b,norahkerendian,2025-02-03,09:56:42,-08:00,2025-02-03T09:56:42-08:00,0,34
projects/projects.js,23,js,75701f1b,norahkerendian,2025-02-03,09:56:42,-08:00,2025-02-03T09:56:42-08:00,0,0
projects/projects.js,24,js,75701f1b,norahkerendian,2025-02-03,09:56:42,-08:00,2025-02-03T09:56:42-08:00,0,47
projects/projects.js,25,js,75701f1b,norahkerendian,2025-02-03,09:56:42,-08:00,2025-02-03T09:56:42-08:00,0,33
projects/projects.js,26,js,75701f1b,norahkerendian,2025-02-03,09:56:42,-08:00,2025-02-03T09:56:42-08:00,0,28
projects/projects.js,27,js,75701f1b,norahkerendian,2025-02-03,09:56:42,-08:00,2025-02-03T09:56:42-08:00,0,17
projects/projects.js,28,js,75701f1b,norahkerendian,2025-02-03,09:56:42,-08:00,2025-02-03T09:56:42-08:00,0,26
projects/projects.js,29,js,75701f1b,norahkerendian,2025-02-03,09:56:42,-08:00,2025-02-03T09:56:42-08:00,0,26
projects/projects.js,30,js,75701f1b,norahkerendian,2025-02-03,09:56:42,-08:00,2025-02-03T09:56:42-08:00,0,2
projects/projects.js,31,js,75701f1b,norahkerendian,2025-02-03,09:56:42,-08:00,2025-02-03T09:56:42-08:00,0,0
projects/projects.js,32,js,75701f1b,norahkerendian,2025-02-03,09:56:42,-08:00,2025-02-03T09:56:42-08:00,0,42
projects/projects.js,33,js,75701f1b,norahkerendian,2025-02-03,09:56:42,-08:00,2025-02-03T09:56:42-08:00,0,0
projects/projects.js,34,js,75701f1b,norahkerendian,2025-02-03,09:56:42,-08:00,2025-02-03T09:56:42-08:00,0,25
projects/projects.js,35,js,75701f1b,norahkerendian,2025-02-03,09:56:42,-08:00,2025-02-03T09:56:42-08:00,0,18
projects/projects.js,36,js,75701f1b,norahkerendian,2025-02-03,09:56:42,-08:00,2025-02-03T09:56:42-08:00,0,39
projects/projects.js,37,js,75701f1b,norahkerendian,2025-02-03,09:56:42,-08:00,2025-02-03T09:56:42-08:00,0,70
projects/projects.js,38,js,75701f1b,norahkerendian,2025-02-03,09:56:42,-08:00,2025-02-03T09:56:42-08:00,0,2
projects/projects.js,39,js,75701f1b,norahkerendian,2025-02-03,09:56:42,-08:00,2025-02-03T09:56:42-08:00,0,2
projects/projects.js,40,js,75701f1b,norahkerendian,2025-02-03,09:56:42,-08:00,2025-02-03T09:56:42-08:00,0,0
projects/projects.js,41,js,75701f1b,norahkerendian,2025-02-03,09:56:42,-08:00,2025-02-03T09:56:42-08:00,0,58
projects/projects.js,42,js,75701f1b,norahkerendian,2025-02-03,09:56:42,-08:00,2025-02-03T09:56:42-08:00,0,61
projects/projects.js,43,js,75701f1b,norahkerendian,2025-02-03,09:56:42,-08:00,2025-02-03T09:56:42-08:00,0,56
projects/projects.js,44,js,75701f1b,norahkerendian,2025-02-03,09:56:42,-08:00,2025-02-03T09:56:42-08:00,0,0
projects/projects.js,45,js,75701f1b,norahkerendian,2025-02-03,09:56:42,-08:00,2025-02-03T09:56:42-08:00,0,54
projects/projects.js,46,js,75701f1b,norahkerendian,2025-02-03,09:56:42,-08:00,2025-02-03T09:56:42-08:00,0,14
projects/projects.js,47,js,75701f1b,norahkerendian,2025-02-03,09:56:42,-08:00,2025-02-03T09:56:42-08:00,0,22
projects/projects.js,48,js,75701f1b,norahkerendian,2025-02-03,09:56:42,-08:00,2025-02-03T09:56:42-08:00,0,0
projects/projects.js,49,js,75701f1b,norahkerendian,2025-02-03,09:56:42,-08:00,2025-02-03T09:56:42-08:00,0,28
projects/projects.js,50,js,75701f1b,norahkerendian,2025-02-03,09:56:42,-08:00,2025-02-03T09:56:42-08:00,0,30
projects/projects.js,51,js,75701f1b,norahkerendian,2025-02-03,09:56:42,-08:00,2025-02-03T09:56:42-08:00,0,36
projects/projects.js,52,js,75701f1b,norahkerendian,2025-02-03,09:56:42,-08:00,2025-02-03T09:56:42-08:00,0,60
projects/projects.js,53,js,75701f1b,norahkerendian,2025-02-03,09:56:42,-08:00,2025-02-03T09:56:42-08:00,0,29
projects/projects.js,54,js,75701f1b,norahkerendian,2025-02-03,09:56:42,-08:00,2025-02-03T09:56:42-08:00,0,2
projects/projects.js,55,js,75701f1b,norahkerendian,2025-02-03,09:56:42,-08:00,2025-02-03T09:56:42-08:00,0,0
projects/projects.js,56,js,75701f1b,norahkerendian,2025-02-03,09:56:42,-08:00,2025-02-03T09:56:42-08:00,0,0
projects/projects.js,57,js,75701f1b,norahkerendian,2025-02-03,09:56:42,-08:00,2025-02-03T09:56:42-08:00,0,36
projects/projects.js,58,js,75701f1b,norahkerendian,2025-02-03,09:56:42,-08:00,2025-02-03T09:56:42-08:00,0,30
projects/projects.js,59,js,75701f1b,norahkerendian,2025-02-03,09:56:42,-08:00,2025-02-03T09:56:42-08:00,0,13
projects/projects.js,60,js,75701f1b,norahkerendian,2025-02-03,09:56:42,-08:00,2025-02-03T09:56:42-08:00,0,15
projects/projects.js,61,js,75701f1b,norahkerendian,2025-02-03,09:56:42,-08:00,2025-02-03T09:56:42-08:00,0,12
projects/projects.js,62,js,75701f1b,norahkerendian,2025-02-03,09:56:42,-08:00,2025-02-03T09:56:42-08:00,0,1
projects/projects.js,63,js,75701f1b,norahkerendian,2025-02-03,09:56:42,-08:00,2025-02-03T09:56:42-08:00,0,0
projects/projects.js,64,js,75701f1b,norahkerendian,2025-02-03,09:56:42,-08:00,2025-02-03T09:56:42-08:00,0,44
projects/projects.js,65,js,75701f1b,norahkerendian,2025-02-03,09:56:42,-08:00,2025-02-03T09:56:42-08:00,0,36
projects/projects.js,66,js,75701f1b,norahkerendian,2025-02-03,09:56:42,-08:00,2025-02-03T09:56:42-08:00,0,2
projects/projects.js,67,js,75701f1b,norahkerendian,2025-02-03,09:56:42,-08:00,2025-02-03T09:56:42-08:00,0,0
projects/projects.js,68,js,75701f1b,norahkerendian,2025-02-03,09:56:42,-08:00,2025-02-03T09:56:42-08:00,0,0
projects/projects.js,69,js,75701f1b,norahkerendian,2025-02-03,09:56:42,-08:00,2025-02-03T09:56:42-08:00,0,60
projects/projects.js,70,js,75701f1b,norahkerendian,2025-02-03,09:56:42,-08:00,2025-02-03T09:56:42-08:00,0,42
projects/projects.js,71,js,75701f1b,norahkerendian,2025-02-03,09:56:42,-08:00,2025-02-03T09:56:42-08:00,0,50
projects/projects.js,72,js,75701f1b,norahkerendian,2025-02-03,09:56:42,-08:00,2025-02-03T09:56:42-08:00,0,0
projects/projects.js,73,js,75701f1b,norahkerendian,2025-02-03,09:56:42,-08:00,2025-02-03T09:56:42-08:00,0,43
projects/projects.js,74,js,75701f1b,norahkerendian,2025-02-03,09:56:42,-08:00,2025-02-03T09:56:42-08:00,0,50
projects/projects.js,75,js,75701f1b,norahkerendian,2025-02-03,09:56:42,-08:00,2025-02-03T09:56:42-08:00,0,36
projects/projects.js,76,js,75701f1b,norahkerendian,2025-02-03,09:56:42,-08:00,2025-02-03T09:56:42-08:00,0,36
projects/projects.js,77,js,75701f1b,norahkerendian,2025-02-03,09:56:42,-08:00,2025-02-03T09:56:42-08:00,0,0
projects/projects.js,78,js,75701f1b,norahkerendian,2025-02-03,09:56:42,-08:00,2025-02-03T09:56:42-08:00,0,37
projects/projects.js,79,js,75701f1b,norahkerendian,2025-02-03,09:56:42,-08:00,2025-02-03T09:56:42-08:00,0,44
projects/projects.js,80,js,75701f1b,norahkerendian,2025-02-03,09:56:42,-08:00,2025-02-03T09:56:42-08:00,0,0
projects/projects.js,81,js,75701f1b,norahkerendian,2025-02-03,09:56:42,-08:00,2025-02-03T09:56:42-08:00,0,54
projects/projects.js,82,js,75701f1b,norahkerendian,2025-02-03,09:56:42,-08:00,2025-02-03T09:56:42-08:00,0,27
projects/projects.js,83,js,75701f1b,norahkerendian,2025-02-03,09:56:42,-08:00,2025-02-03T09:56:42-08:00,0,27
projects/projects.js,84,js,75701f1b,norahkerendian,2025-02-03,09:56:42,-08:00,2025-02-03T09:56:42-08:00,0,7
projects/projects.js,85,js,75701f1b,norahkerendian,2025-02-03,09:56:42,-08:00,2025-02-03T09:56:42-08:00,0,30
projects/projects.js,86,js,75701f1b,norahkerendian,2025-02-03,09:56:42,-08:00,2025-02-03T09:56:42-08:00,0,0
projects/projects.js,87,js,75701f1b,norahkerendian,2025-02-03,09:56:42,-08:00,2025-02-03T09:56:42-08:00,0,2
projects/projects.js,88,js,75701f1b,norahkerendian,2025-02-03,09:56:42,-08:00,2025-02-03T09:56:42-08:00,0,0
projects/projects.js,89,js,75701f1b,norahkerendian,2025-02-03,09:56:42,-08:00,2025-02-03T09:56:42-08:00,0,26
projects/projects.js,90,js,75701f1b,norahkerendian,2025-02-03,09:56:42,-08:00,2025-02-03T09:56:42-08:00,0,49
projects/projects.js,91,js,75701f1b,norahkerendian,2025-02-03,09:56:42,-08:00,2025-02-03T09:56:42-08:00,0,75
projects/projects.js,92,js,75701f1b,norahkerendian,2025-02-03,09:56:42,-08:00,2025-02-03T09:56:42-08:00,0,57
projects/projects.js,93,js,75701f1b,norahkerendian,2025-02-03,09:56:42,-08:00,2025-02-03T09:56:42-08:00,0,7
projects/projects.js,94,js,75701f1b,norahkerendian,2025-02-03,09:56:42,-08:00,2025-02-03T09:56:42-08:00,0,49
projects/projects.js,95,js,75701f1b,norahkerendian,2025-02-03,09:56:42,-08:00,2025-02-03T09:56:42-08:00,0,0
projects/projects.js,96,js,75701f1b,norahkerendian,2025-02-03,09:56:42,-08:00,2025-02-03T09:56:42-08:00,0,38
projects/projects.js,97,js,75701f1b,norahkerendian,2025-02-03,09:56:42,-08:00,2025-02-03T09:56:42-08:00,0,2
projects/projects.js,98,js,75701f1b,norahkerendian,2025-02-03,09:56:42,-08:00,2025-02-03T09:56:42-08:00,0,48
projects/projects.js,99,js,75701f1b,norahkerendian,2025-02-03,09:56:42,-08:00,2025-02-03T09:56:42-08:00,0,0
projects/projects.js,100,js,75701f1b,norahkerendian,2025-02-03,09:56:42,-08:00,2025-02-03T09:56:42-08:00,0,0
projects/projects.js,101,js,75701f1b,norahkerendian,2025-02-03,09:56:42,-08:00,2025-02-03T09:56:42-08:00,0,46
projects/projects.js,102,js,75701f1b,norahkerendian,2025-02-03,09:56:42,-08:00,2025-02-03T09:56:42-08:00,0,42
projects/projects.js,103,js,75701f1b,norahkerendian,2025-02-03,09:56:42,-08:00,2025-02-03T09:56:42-08:00,0,0
projects/projects.js,104,js,75701f1b,norahkerendian,2025-02-03,09:56:42,-08:00,2025-02-03T09:56:42-08:00,0,29
projects/projects.js,105,js,75701f1b,norahkerendian,2025-02-03,09:56:42,-08:00,2025-02-03T09:56:42-08:00,0,41
projects/projects.js,106,js,75701f1b,norahkerendian,2025-02-03,09:56:42,-08:00,2025-02-03T09:56:42-08:00,0,18
projects/projects.js,107,js,75701f1b,norahkerendian,2025-02-03,09:56:42,-08:00,2025-02-03T09:56:42-08:00,0,28
projects/projects.js,108,js,75701f1b,norahkerendian,2025-02-03,09:56:42,-08:00,2025-02-03T09:56:42-08:00,0,53
projects/projects.js,109,js,75701f1b,norahkerendian,2025-02-03,09:56:42,-08:00,2025-02-03T09:56:42-08:00,0,92
projects/projects.js,110,js,75701f1b,norahkerendian,2025-02-03,09:56:42,-08:00,2025-02-03T09:56:42-08:00,0,7
projects/projects.js,111,js,75701f1b,norahkerendian,2025-02-03,09:56:42,-08:00,2025-02-03T09:56:42-08:00,0,25
projects/projects.js,112,js,75701f1b,norahkerendian,2025-02-03,09:56:42,-08:00,2025-02-03T09:56:42-08:00,0,18
projects/projects.js,113,js,75701f1b,norahkerendian,2025-02-03,09:56:42,-08:00,2025-02-03T09:56:42-08:00,0,39
projects/projects.js,114,js,75701f1b,norahkerendian,2025-02-03,09:56:42,-08:00,2025-02-03T09:56:42-08:00,0,70
projects/projects.js,115,js,75701f1b,norahkerendian,2025-02-03,09:56:42,-08:00,2025-02-03T09:56:42-08:00,0,2
projects/projects.js,116,js,75701f1b,norahkerendian,2025-02-03,09:56:42,-08:00,2025-02-03T09:56:42-08:00,0,0
projects/projects.js,117,js,75701f1b,norahkerendian,2025-02-03,09:56:42,-08:00,2025-02-03T09:56:42-08:00,0,0
projects/projects.js,118,js,8798338b,norahkerendian,2025-02-03,15:57:29,-08:00,2025-02-03T15:57:29-08:00,0,0
projects/projects.js,119,js,8798338b,norahkerendian,2025-02-03,15:57:29,-08:00,2025-02-03T15:57:29-08:00,0,28
projects/projects.js,120,js,8798338b,norahkerendian,2025-02-03,15:57:29,-08:00,2025-02-03T15:57:29-08:00,0,75
projects/projects.js,121,js,8798338b,norahkerendian,2025-02-03,15:57:29,-08:00,2025-02-03T15:57:29-08:00,0,0
projects/projects.js,122,js,8798338b,norahkerendian,2025-02-03,15:57:29,-08:00,2025-02-03T15:57:29-08:00,0,0
projects/projects.js,123,js,8798338b,norahkerendian,2025-02-03,15:57:29,-08:00,2025-02-03T15:57:29-08:00,0,28
projects/projects.js,124,js,8798338b,norahkerendian,2025-02-03,15:57:29,-08:00,2025-02-03T15:57:29-08:00,0,0
projects/projects.js,125,js,75701f1b,norahkerendian,2025-02-03,09:56:42,-08:00,2025-02-03T09:56:42-08:00,0,49
projects/projects.js,126,js,75701f1b,norahkerendian,2025-02-03,09:56:42,-08:00,2025-02-03T09:56:42-08:00,0,51
projects/projects.js,127,js,75701f1b,norahkerendian,2025-02-03,09:56:42,-08:00,2025-02-03T09:56:42-08:00,0,57
projects/projects.js,128,js,75701f1b,norahkerendian,2025-02-03,09:56:42,-08:00,2025-02-03T09:56:42-08:00,0,43
projects/projects.js,129,js,75701f1b,norahkerendian,2025-02-03,09:56:42,-08:00,2025-02-03T09:56:42-08:00,0,54
projects/projects.js,130,js,75701f1b,norahkerendian,2025-02-03,09:56:42,-08:00,2025-02-03T09:56:42-08:00,0,43
projects/projects.js,131,js,75701f1b,norahkerendian,2025-02-03,09:56:42,-08:00,2025-02-03T09:56:42-08:00,0,52
projects/projects.js,132,js,75701f1b,norahkerendian,2025-02-03,09:56:42,-08:00,2025-02-03T09:56:42-08:00,0,0
projects/projects.js,133,js,75701f1b,norahkerendian,2025-02-03,09:56:42,-08:00,2025-02-03T09:56:42-08:00,0,49
projects/projects.js,134,js,75701f1b,norahkerendian,2025-02-03,09:56:42,-08:00,2025-02-03T09:56:42-08:00,0,36
projects/projects.js,135,js,8798338b,norahkerendian,2025-02-03,15:57:29,-08:00,2025-02-03T15:57:29-08:00,0,0
projects/projects.js,136,js,8798338b,norahkerendian,2025-02-03,15:57:29,-08:00,2025-02-03T15:57:29-08:00,0,36
projects/projects.js,137,js,75701f1b,norahkerendian,2025-02-03,09:56:42,-08:00,2025-02-03T09:56:42-08:00,0,2
projects/projects.js,138,js,75701f1b,norahkerendian,2025-02-03,09:56:42,-08:00,2025-02-03T09:56:42-08:00,0,0
projects/projects.js,139,js,75701f1b,norahkerendian,2025-02-03,09:56:42,-08:00,2025-02-03T09:56:42-08:00,0,48
projects/projects.js,140,js,75701f1b,norahkerendian,2025-02-03,09:56:42,-08:00,2025-02-03T09:56:42-08:00,0,58
projects/projects.js,141,js,75701f1b,norahkerendian,2025-02-03,09:56:42,-08:00,2025-02-03T09:56:42-08:00,0,32
projects/projects.js,142,js,75701f1b,norahkerendian,2025-02-03,09:56:42,-08:00,2025-02-03T09:56:42-08:00,0,51
projects/projects.js,143,js,75701f1b,norahkerendian,2025-02-03,09:56:42,-08:00,2025-02-03T09:56:42-08:00,0,34
projects/projects.js,144,js,75701f1b,norahkerendian,2025-02-03,09:56:42,-08:00,2025-02-03T09:56:42-08:00,0,46
projects/projects.js,145,js,75701f1b,norahkerendian,2025-02-03,09:56:42,-08:00,2025-02-03T09:56:42-08:00,0,0
projects/projects.js,146,js,75701f1b,norahkerendian,2025-02-03,09:56:42,-08:00,2025-02-03T09:56:42-08:00,0,35
projects/projects.js,147,js,75701f1b,norahkerendian,2025-02-03,09:56:42,-08:00,2025-02-03T09:56:42-08:00,0,33
projects/projects.js,148,js,75701f1b,norahkerendian,2025-02-03,09:56:42,-08:00,2025-02-03T09:56:42-08:00,0,49
projects/projects.js,149,js,75701f1b,norahkerendian,2025-02-03,09:56:42,-08:00,2025-02-03T09:56:42-08:00,0,2
projects/index.html,1,html,507ba8cb,norahkerendian,2025-01-08,17:00:19,-08:00,2025-01-08T17:00:19-08:00,0,14
projects/index.html,2,html,507ba8cb,norahkerendian,2025-01-08,17:00:19,-08:00,2025-01-08T17:00:19-08:00,0,15
projects/index.html,3,html,507ba8cb,norahkerendian,2025-01-08,17:00:19,-08:00,2025-01-08T17:00:19-08:00,0,5
projects/index.html,4,html,507ba8cb,norahkerendian,2025-01-08,17:00:19,-08:00,2025-01-08T17:00:19-08:00,0,21
projects/index.html,5,html,507ba8cb,norahkerendian,2025-01-08,17:00:19,-08:00,2025-01-08T17:00:19-08:00,0,69
projects/index.html,6,html,4dbc80f8,norahkerendian,2025-01-08,17:52:26,-08:00,2025-01-08T17:52:26-08:00,0,22
projects/index.html,7,html,94c4253d,norahkerendian,2025-01-15,00:49:57,-08:00,2025-01-15T00:49:57-08:00,0,42
projects/index.html,8,html,507ba8cb,norahkerendian,2025-01-08,17:00:19,-08:00,2025-01-08T17:00:19-08:00,0,6
projects/index.html,9,html,507ba8cb,norahkerendian,2025-01-08,17:00:19,-08:00,2025-01-08T17:00:19-08:00,0,5
projects/index.html,10,html,8648ff25,norahkerendian,2025-01-29,01:01:40,-08:00,2025-01-29T01:01:40-08:00,0,31
projects/index.html,11,html,362d7eab,norahkerendian,2025-02-02,00:39:39,-08:00,2025-02-02T00:39:39-08:00,0,22
projects/index.html,12,html,75701f1b,norahkerendian,2025-02-03,09:56:42,-08:00,2025-02-03T09:56:42-08:00,0,45
projects/index.html,13,html,362d7eab,norahkerendian,2025-02-02,00:39:39,-08:00,2025-02-02T00:39:39-08:00,0,11
projects/index.html,14,html,362d7eab,norahkerendian,2025-02-02,00:39:39,-08:00,2025-02-02T00:39:39-08:00,0,5
projects/index.html,15,html,362d7eab,norahkerendian,2025-02-02,00:39:39,-08:00,2025-02-02T00:39:39-08:00,0,18
projects/index.html,16,html,362d7eab,norahkerendian,2025-02-02,00:39:39,-08:00,2025-02-02T00:39:39-08:00,0,11
projects/index.html,17,html,362d7eab,norahkerendian,2025-02-02,00:39:39,-08:00,2025-02-02T00:39:39-08:00,0,4
projects/index.html,18,html,362d7eab,norahkerendian,2025-02-02,00:39:39,-08:00,2025-02-02T00:39:39-08:00,0,5
projects/index.html,19,html,b69c9e99,norahkerendian,2025-02-02,01:32:38,-08:00,2025-02-02T01:32:38-08:00,0,5
projects/index.html,20,html,b69c9e99,norahkerendian,2025-02-02,01:32:38,-08:00,2025-02-02T01:32:38-08:00,0,16
projects/index.html,21,html,b69c9e99,norahkerendian,2025-02-02,01:32:38,-08:00,2025-02-02T01:32:38-08:00,0,12
projects/index.html,22,html,b69c9e99,norahkerendian,2025-02-02,01:32:38,-08:00,2025-02-02T01:32:38-08:00,0,27
projects/index.html,23,html,b69c9e99,norahkerendian,2025-02-02,01:32:38,-08:00,2025-02-02T01:32:38-08:00,0,32
projects/index.html,24,html,b69c9e99,norahkerendian,2025-02-02,01:32:38,-08:00,2025-02-02T01:32:38-08:00,0,1
projects/index.html,25,html,b69c9e99,norahkerendian,2025-02-02,01:32:38,-08:00,2025-02-02T01:32:38-08:00,0,0
projects/index.html,26,html,2bb61bfd,norahkerendian,2025-02-02,00:10:33,-08:00,2025-02-02T00:10:33-08:00,0,27
projects/index.html,27,html,98108f66,norahkerendian,2025-01-29,00:32:34,-08:00,2025-01-29T00:32:34-08:00,0,49
projects/index.html,28,html,98108f66,norahkerendian,2025-01-29,00:32:34,-08:00,2025-01-29T00:32:34-08:00,0,48
projects/index.html,29,html,507ba8cb,norahkerendian,2025-01-08,17:00:19,-08:00,2025-01-08T17:00:19-08:00,0,6
projects/index.html,30,html,507ba8cb,norahkerendian,2025-01-08,17:00:19,-08:00,2025-01-08T17:00:19-08:00,0,6
meta/index.html,1,html,396f8e91,norahkerendian,2025-02-09,23:11:42,-08:00,2025-02-09T23:11:42-08:00,0,14
meta/index.html,2,html,396f8e91,norahkerendian,2025-02-09,23:11:42,-08:00,2025-02-09T23:11:42-08:00,0,15
meta/index.html,3,html,396f8e91,norahkerendian,2025-02-09,23:11:42,-08:00,2025-02-09T23:11:42-08:00,0,5
meta/index.html,4,html,396f8e91,norahkerendian,2025-02-09,23:11:42,-08:00,2025-02-09T23:11:42-08:00,0,21
meta/index.html,5,html,396f8e91,norahkerendian,2025-02-09,23:11:42,-08:00,2025-02-09T23:11:42-08:00,0,69
meta/index.html,6,html,396f8e91,norahkerendian,2025-02-09,23:11:42,-08:00,2025-02-09T23:11:42-08:00,0,18
meta/index.html,7,html,396f8e91,norahkerendian,2025-02-09,23:11:42,-08:00,2025-02-09T23:11:42-08:00,0,42
meta/index.html,8,html,396f8e91,norahkerendian,2025-02-09,23:11:42,-08:00,2025-02-09T23:11:42-08:00,0,6
meta/index.html,9,html,396f8e91,norahkerendian,2025-02-09,23:11:42,-08:00,2025-02-09T23:11:42-08:00,0,0
meta/index.html,10,html,396f8e91,norahkerendian,2025-02-09,23:11:42,-08:00,2025-02-09T23:11:42-08:00,0,5
meta/index.html,11,html,396f8e91,norahkerendian,2025-02-09,23:11:42,-08:00,2025-02-09T23:11:42-08:00,0,17
meta/index.html,12,html,396f8e91,norahkerendian,2025-02-09,23:11:42,-08:00,2025-02-09T23:11:42-08:00,0,49
meta/index.html,13,html,396f8e91,norahkerendian,2025-02-09,23:11:42,-08:00,2025-02-09T23:11:42-08:00,0,6
contact/index.html,1,html,507ba8cb,norahkerendian,2025-01-08,17:00:19,-08:00,2025-01-08T17:00:19-08:00,0,14
contact/index.html,2,html,507ba8cb,norahkerendian,2025-01-08,17:00:19,-08:00,2025-01-08T17:00:19-08:00,0,15
contact/index.html,3,html,507ba8cb,norahkerendian,2025-01-08,17:00:19,-08:00,2025-01-08T17:00:19-08:00,0,5
contact/index.html,4,html,507ba8cb,norahkerendian,2025-01-08,17:00:19,-08:00,2025-01-08T17:00:19-08:00,0,21
contact/index.html,5,html,507ba8cb,norahkerendian,2025-01-08,17:00:19,-08:00,2025-01-08T17:00:19-08:00,0,69
contact/index.html,6,html,507ba8cb,norahkerendian,2025-01-08,17:00:19,-08:00,2025-01-08T17:00:19-08:00,0,21
contact/index.html,7,html,94c4253d,norahkerendian,2025-01-15,00:49:57,-08:00,2025-01-15T00:49:57-08:00,0,42
contact/index.html,8,html,507ba8cb,norahkerendian,2025-01-08,17:00:19,-08:00,2025-01-08T17:00:19-08:00,0,6
contact/index.html,9,html,507ba8cb,norahkerendian,2025-01-08,17:00:19,-08:00,2025-01-08T17:00:19-08:00,0,5
contact/index.html,10,html,91840fd5,norahkerendian,2025-01-23,13:24:25,-08:00,2025-01-23T13:24:25-08:00,0,9
contact/index.html,11,html,507ba8cb,norahkerendian,2025-01-08,17:00:19,-08:00,2025-01-08T17:00:19-08:00,0,3
contact/index.html,12,html,7e7abc1e,norahkerendian,2025-01-08,18:12:28,-08:00,2025-01-08T18:12:28-08:00,0,40
contact/index.html,13,html,7e7abc1e,norahkerendian,2025-01-08,18:12:28,-08:00,2025-01-08T18:12:28-08:00,0,52
contact/index.html,14,html,8bebbb15,norahkerendian,2025-01-22,20:25:04,-08:00,2025-01-22T20:25:04-08:00,0,40
contact/index.html,15,html,507ba8cb,norahkerendian,2025-01-08,17:00:19,-08:00,2025-01-08T17:00:19-08:00,0,78
contact/index.html,16,html,b7958cb3,norahkerendian,2025-01-08,18:58:08,-08:00,2025-01-08T18:58:08-08:00,0,49
contact/index.html,17,html,507ba8cb,norahkerendian,2025-01-08,17:00:19,-08:00,2025-01-08T17:00:19-08:00,0,4
contact/index.html,18,html,91840fd5,norahkerendian,2025-01-23,13:24:25,-08:00,2025-01-23T13:24:25-08:00,0,9
contact/index.html,19,html,507ba8cb,norahkerendian,2025-01-08,17:00:19,-08:00,2025-01-08T17:00:19-08:00,0,0
contact/index.html,20,html,507ba8cb,norahkerendian,2025-01-08,17:00:19,-08:00,2025-01-08T17:00:19-08:00,0,3
contact/index.html,21,html,507ba8cb,norahkerendian,2025-01-08,17:00:19,-08:00,2025-01-08T17:00:19-08:00,0,11
contact/index.html,22,html,507ba8cb,norahkerendian,2025-01-08,17:00:19,-08:00,2025-01-08T17:00:19-08:00,0,4
contact/index.html,23,html,bf6d0922,norahkerendian,2025-01-08,18:35:42,-08:00,2025-01-08T18:35:42-08:00,0,0
contact/index.html,24,html,38477c42,norahkerendian,2025-01-23,21:06:03,-08:00,2025-01-23T21:06:03-08:00,0,42
contact/index.html,25,html,bf6d0922,norahkerendian,2025-01-08,18:35:42,-08:00,2025-01-08T18:35:42-08:00,0,0
contact/index.html,26,html,201c12e5,norahkerendian,2025-01-08,18:37:34,-08:00,2025-01-08T18:37:34-08:00,0,36
contact/index.html,27,html,bf6d0922,norahkerendian,2025-01-08,18:35:42,-08:00,2025-01-08T18:35:42-08:00,0,46
contact/index.html,28,html,bf6d0922,norahkerendian,2025-01-08,18:35:42,-08:00,2025-01-08T18:35:42-08:00,0,0
contact/index.html,29,html,bf6d0922,norahkerendian,2025-01-08,18:35:42,-08:00,2025-01-08T18:35:42-08:00,0,33
contact/index.html,30,html,bf6d0922,norahkerendian,2025-01-08,18:35:42,-08:00,2025-01-08T18:35:42-08:00,0,42
contact/index.html,31,html,bf6d0922,norahkerendian,2025-01-08,18:35:42,-08:00,2025-01-08T18:35:42-08:00,0,0
contact/index.html,32,html,27d13e60,norahkerendian,2025-01-15,16:35:43,-08:00,2025-01-15T16:35:43-08:00,0,34
contact/index.html,33,html,bf6d0922,norahkerendian,2025-01-08,18:35:42,-08:00,2025-01-08T18:35:42-08:00,0,6
contact/index.html,34,html,d0db60bc,norahkerendian,2025-01-22,01:27:41,-08:00,2025-01-22T01:27:41-08:00,0,49
contact/index.html,35,html,507ba8cb,norahkerendian,2025-01-08,17:00:19,-08:00,2025-01-08T17:00:19-08:00,0,6
contact/index.html,36,html,507ba8cb,norahkerendian,2025-01-08,17:00:19,-08:00,2025-01-08T17:00:19-08:00,0,6
